Timestamp;TZ;HEX1_Ta_inlet (degC (Ave));HEX1_Ta_outlet (degC (Ave));HEX1_v_outlet (m/s)
22/06/2024 00:00;;17.174;20.212832;0.587651
22/06/2024 00:15;;16.8456995;20.1364255;0.60170275
22/06/2024 00:20;;16.9383516;20.15197;0.6117202
22/06/2024 00:25;;17.0272996;20.1478436;0.6084854
22/06/2024 00:30;;17.108162;20.155452;0.605113
22/06/2024 00:45;;17.531269;20.2338395;0.60271925
22/06/2024 00:50;;17.1583828;20.2730496;0.6073468
22/06/2024 00:55;;17.1552568;20.246598;0.5970884
22/06/2024 01:00;;17.05899;20.23743;0.599591
22/06/2024 01:15;;16.471845;20.141915;0.59931825
22/06/2024 01:20;;16.3480336;20.1499532;0.594811
22/06/2024 01:25;;16.38066;20.162764;0.6078684
22/06/2024 01:30;;16.263066;20.128104;0.62885
22/06/2024 01:45;;16.0731505;19.996299;0.608875
22/06/2024 01:50;;16.0803956;20.0112188;0.6087494
22/06/2024 01:55;;16.0688688;19.9797816;0.6155486
22/06/2024 02:00;;15.9888;19.952136;0.613197
22/06/2024 02:15;;15.871302;19.908633;0.58818925
22/06/2024 02:20;;15.7744304;19.9196248;0.6060326
22/06/2024 02:25;;15.78113;19.8784052;0.600313
22/06/2024 02:30;;15.806708;19.991442;0.63286
22/06/2024 02:45;;15.699867;19.8277625;0.6120225
22/06/2024 02:50;;15.7431244;19.8251856;0.6099676
22/06/2024 02:55;;15.7975088;19.8854764;0.6146388
22/06/2024 03:00;;15.650778;19.775244;0.606498
22/06/2024 03:15;;15.9838065;19.8222105;0.602492
22/06/2024 03:20;;15.7059252;19.7839504;0.6200626
22/06/2024 03:25;;15.4725312;19.7818612;0.6107894
22/06/2024 03:30;;15.34345;19.682698;0.617286
22/06/2024 03:45;;15.2792715;19.644107;0.62614475
22/06/2024 03:50;;15.3953804;19.6182316;0.6109446
22/06/2024 03:55;;15.2106372;19.5998224;0.6238106
22/06/2024 04:00;;15.273026;19.661264;0.616697
22/06/2024 04:15;;15.4117815;19.648829;0.61194
22/06/2024 04:20;;15.3021528;19.5744456;0.6197524
22/06/2024 04:25;;15.2443812;19.5674608;0.6185792
22/06/2024 04:30;;15.207142;19.450614;0.627727
22/06/2024 04:45;;15.7653185;19.421423;0.61264375
22/06/2024 04:50;;15.7679236;19.4159284;0.624852
22/06/2024 04:55;;15.4695312;19.4458192;0.6066088
22/06/2024 05:00;;15.622038;19.462314;0.596857
22/06/2024 05:15;;16.058384;19.3854735;0.62184375
22/06/2024 05:20;;16.0011344;19.3894288;0.6099246
22/06/2024 05:25;;16.0098624;19.353268;0.606377
22/06/2024 05:30;;16.283504;19.38328;0.637859
22/06/2024 05:45;;16.310782;19.3398765;0.61867125
22/06/2024 05:50;;16.2202996;19.3205652;0.6342932
22/06/2024 05:55;;15.9022112;19.3072792;0.6424288
22/06/2024 06:00;;15.862284;19.268974;0.591878
22/06/2024 06:15;;15.9886105;19.203062;0.636316
22/06/2024 06:20;;15.9960224;19.1517884;0.643577
22/06/2024 06:25;;16.1607848;19.1540116;0.6393176
22/06/2024 06:30;;16.09575;19.112434;0.630048
22/06/2024 06:45;;16.8722075;19.0916625;0.6257705
22/06/2024 06:50;;16.8935616;19.1154696;0.6237064
22/06/2024 06:55;;16.9321648;19.1350632;0.634113
22/06/2024 07:00;;17.420932;19.163818;0.619254
22/06/2024 07:15;;18.7137905;19.164599;0.61499125
22/06/2024 07:20;;19.0900032;19.186572;0.61588
22/06/2024 07:25;;19.152644;19.215896;0.5887158
22/06/2024 07:30;;19.125226;19.275788;0.615194
22/06/2024 07:45;;20.426047;19.344933;0.60839275
22/06/2024 07:50;;19.9355708;19.3929728;0.6240438
22/06/2024 07:55;;20.218372;19.4118524;0.6316892
22/06/2024 08:00;;20.20622;19.412258;0.6156
22/06/2024 08:15;;22.0956535;19.5657375;0.593381
22/06/2024 08:20;;21.8084308;19.5663856;0.6247976
22/06/2024 08:25;;22.1174584;19.5896964;0.6107822
22/06/2024 08:30;;21.99916;19.524986;0.611278
22/06/2024 08:45;;21.9121555;19.843689;0.6391435
22/06/2024 08:50;;22.3327748;19.9083508;0.6237574
22/06/2024 08:55;;22.0097836;19.9416184;0.6447242
22/06/2024 09:00;;21.546474;19.968148;0.636925
22/06/2024 09:15;;22.5626785;20.093869;0.59169525
22/06/2024 09:20;;22.8536552;20.2196132;0.6245162
22/06/2024 09:25;;22.9718132;20.2035524;0.6071456
22/06/2024 09:30;;22.576094;20.242014;0.651236
22/06/2024 09:45;;23.9268065;20.29693;0.6116895
22/06/2024 09:50;;23.6518664;20.355364;0.6219442
22/06/2024 09:55;;23.7308504;20.3877996;0.6201844
22/06/2024 10:00;;25.529782;20.396888;0.569383
22/06/2024 10:15;;25.8404585;20.6854645;0.612663
22/06/2024 10:20;;25.47717;20.7297004;0.5976984
22/06/2024 10:25;;24.615406;20.820306;0.6373178
22/06/2024 10:30;;25.999998;20.828564;0.589827
22/06/2024 10:45;;26.1996055;21.034817;0.5981905
22/06/2024 10:50;;26.091948;21.0791112;0.6095774
22/06/2024 10:55;;25.6316664;21.1263388;0.6134858
22/06/2024 11:00;;26.625758;21.139608;0.568336
22/06/2024 11:15;;25.5553535;21.316951;0.59430525
22/06/2024 11:20;;24.9298904;21.3742292;0.6273324
22/06/2024 11:25;;26.0800652;21.4009964;0.6096352
22/06/2024 11:30;;26.162378;21.36327;0.612465
22/06/2024 11:45;;25.55408;21.578609;0.62225675
22/06/2024 11:50;;24.9967488;21.6312424;0.6060928
22/06/2024 11:55;;26.226374;21.5822252;0.5757736
22/06/2024 12:00;;26.06448;21.597778;0.635012
22/06/2024 12:15;;26.8220875;21.607801;0.59888875
22/06/2024 12:20;;26.5675584;21.6534952;0.5687892
22/06/2024 12:25;;25.5758028;21.6414032;0.6230144
22/06/2024 12:30;;25.819958;21.616458;0.607015
22/06/2024 12:45;;26.6338875;21.791838;0.59980375
22/06/2024 12:50;;25.9836896;21.8070664;0.586314
22/06/2024 12:55;;27.7622088;21.8299996;0.5756646
22/06/2024 13:00;;26.068814;21.82631;0.592232
22/06/2024 13:15;;26.760054;21.8927375;0.64390525
22/06/2024 13:20;;27.1085276;21.9180776;0.5961008
22/06/2024 13:25;;27.2424676;21.984674;0.5756502
22/06/2024 13:30;;26.717742;21.985416;0.604422
22/06/2024 13:45;;27.7403355;22.158517;0.581069
22/06/2024 13:50;;26.0154564;22.1482764;0.6210114
22/06/2024 13:55;;27.4629432;22.2360244;0.584841
22/06/2024 14:00;;29.72941;22.176452;0.586928
22/06/2024 14:15;;27.8273725;22.3190755;0.585993
22/06/2024 14:20;;28.6331008;22.376212;0.577674
22/06/2024 14:25;;29.0853488;22.424562;0.5783012
22/06/2024 14:30;;28.224022;22.521732;0.599754
22/06/2024 14:45;;27.4378955;22.450914;0.604194
22/06/2024 14:50;;28.7637924;22.5357636;0.5649464
22/06/2024 14:55;;27.8327256;22.567476;0.5637004
22/06/2024 15:00;;29.233716;22.655746;0.560355
22/06/2024 15:15;;26.856672;22.7295235;0.586655
22/06/2024 15:20;;29.0920532;22.7748084;0.5625776
22/06/2024 15:25;;30.2706676;22.8105016;0.5565972
22/06/2024 15:30;;27.530182;22.86536;0.571186
22/06/2024 15:45;;26.367137;22.952366;0.583707
22/06/2024 15:50;;25.9925052;22.9983324;0.5713246
22/06/2024 15:55;;26.6624;22.9726044;0.5538574
22/06/2024 16:00;;25.538228;23.033912;0.620311
22/06/2024 16:15;;26.564957;23.2173915;0.576561
22/06/2024 16:20;;25.771154;23.2509968;0.5985068
22/06/2024 16:25;;25.9388284;23.3170708;0.5929744
22/06/2024 16:30;;26.056202;23.333862;0.580552
22/06/2024 16:45;;25.125443;23.595198;0.5946235
22/06/2024 16:50;;26.1591824;23.6818436;0.5726326
22/06/2024 16:55;;25.342312;23.6956648;0.5863212
22/06/2024 17:00;;25.664574;23.671428;0.595688
22/06/2024 17:15;;25.353673;23.9618195;0.60306975
22/06/2024 17:20;;26.183942;23.9661612;0.5665062
22/06/2024 17:25;;27.4387708;24.0471908;0.5680718
22/06/2024 17:30;;26.713574;24.078414;0.574612
22/06/2024 17:45;;25.021429;24.4385985;0.58328575
22/06/2024 17:50;;24.9093704;24.4623416;0.5871728
22/06/2024 17:55;;24.9447572;24.5703204;0.5946356
22/06/2024 18:00;;24.773464;24.580158;0.575489
22/06/2024 18:15;;24.7874665;24.5553415;0.6003595
22/06/2024 18:20;;25.2116384;24.6300364;0.5752422
22/06/2024 18:25;;25.3401444;24.6198196;0.5958796
22/06/2024 18:30;;25.274242;24.71535;0.616031
22/06/2024 18:45;;25.4224375;24.5783365;0.5698265
22/06/2024 18:50;;25.5654032;24.589652;0.5590822
22/06/2024 18:55;;25.0987624;24.6031228;0.5749154
22/06/2024 19:00;;24.989822;24.539936;0.568137
22/06/2024 19:15;;24.3764975;24.6768915;0.581356
22/06/2024 19:20;;24.4158284;24.675164;0.5651994
22/06/2024 19:25;;23.9259004;24.6969868;0.5658446
22/06/2024 19:30;;23.361804;24.64118;0.575879
22/06/2024 19:45;;23.3407765;24.644313;0.5546565
22/06/2024 19:50;;22.7601988;24.6242096;0.5532874
22/06/2024 19:55;;22.5056948;24.5982532;0.5625888
22/06/2024 20:00;;22.522004;24.562658;0.552796
22/06/2024 20:15;;22.34501;24.2975015;0.5785165
22/06/2024 20:20;;22.4761316;24.27927;0.562915
22/06/2024 20:25;;22.434992;24.1971252;0.5710268
22/06/2024 20:30;;22.48637;24.195162;0.585315
22/06/2024 20:45;;22.8152265;24.101734;0.5677555
22/06/2024 20:50;;22.5196396;24.0895752;0.5658124
22/06/2024 20:55;;22.0953616;24.0603864;0.5767116
22/06/2024 21:00;;21.755542;24.034612;0.564294
22/06/2024 21:15;;21.333129;23.8229565;0.56543325
22/06/2024 21:20;;20.692328;23.7216448;0.5659518
22/06/2024 21:25;;19.9470736;23.568654;0.5668462
22/06/2024 21:30;;19.781262;23.485646;0.558423
22/06/2024 21:45;;20.178269;23.9214525;0.55577225
22/06/2024 21:50;;19.9759376;23.8590052;0.5562352
22/06/2024 21:55;;19.5549908;23.7388064;0.571696
22/06/2024 22:00;;19.230004;23.669442;0.574301
22/06/2024 22:15;;19.2201275;22.505928;0.57512525
22/06/2024 22:20;;19.10781;22.3558252;0.566098
22/06/2024 22:25;;18.7946248;22.2735576;0.5703292
22/06/2024 22:30;;18.72065;22.179074;0.582058
22/06/2024 22:45;;18.3340175;21.7522575;0.58188225
22/06/2024 22:50;;18.3524144;21.709262;0.577865
22/06/2024 22:55;;17.8980084;21.5453;0.5662238
22/06/2024 23:00;;18.03757;21.522526;0.552925
22/06/2024 23:15;;18.007947;21.1552585;0.56977875
22/06/2024 23:20;;17.6677788;21.0166668;0.5797972
22/06/2024 23:25;;17.3689096;20.8598536;0.5926688
22/06/2024 23:30;;17.126708;20.760662;0.605581
22/06/2024 23:45;;17.106692;20.4599545;0.572306
22/06/2024 23:50;;17.2186812;20.3289968;0.5775644
22/06/2024 23:55;;17.4506948;20.3528464;0.5700844
23/06/2024 00:00;;17.460102;20.340454;0.588336
23/06/2024 00:15;;17.484051;20.352136;0.5783175
23/06/2024 00:20;;17.5514804;20.443734;0.5736624
23/06/2024 00:25;;17.60353;20.582534;0.559675
23/06/2024 00:30;;17.650766;20.54912;0.559955
23/06/2024 00:45;;17.346824;20.757549;0.58314225
23/06/2024 00:50;;17.7823972;20.7512488;0.5987128
23/06/2024 00:55;;18.0375036;20.8672444;0.592254
23/06/2024 01:00;;17.84604;20.856854;0.604814
23/06/2024 01:15;;17.780732;20.9059615;0.597733
23/06/2024 01:20;;17.5516968;20.9047836;0.6572322
23/06/2024 01:25;;17.5118076;20.9333952;0.664221
23/06/2024 01:30;;17.321826;20.873992;0.662778
23/06/2024 01:45;;17.447556;20.892852;0.58104125
23/06/2024 01:50;;17.4959944;20.8727216;0.5854548
23/06/2024 01:55;;17.4688892;20.9250384;0.6283392
23/06/2024 02:00;;17.332374;20.979698;0.600427
23/06/2024 02:15;;17.2839025;20.967432;0.58784775
23/06/2024 02:20;;17.3261756;20.8888024;0.5933432
23/06/2024 02:25;;17.3037068;20.89741;0.5902332
23/06/2024 02:30;;17.367962;20.954794;0.595225
23/06/2024 02:45;;17.5122315;21.0226725;0.59025925
23/06/2024 02:50;;17.555994;20.9568604;0.5911178
23/06/2024 02:55;;17.4810572;20.956634;0.5764788
23/06/2024 03:00;;17.506252;20.951488;0.593989
23/06/2024 03:15;;17.023992;20.9345635;0.5936015
23/06/2024 03:20;;16.9495752;20.9127544;0.5772732
23/06/2024 03:25;;16.7937192;20.8597192;0.6030844
23/06/2024 03:30;;16.703556;20.808842;0.606265
23/06/2024 03:45;;16.603952;20.824694;0.57657575
23/06/2024 03:50;;16.5987472;20.7845568;0.5831464
23/06/2024 03:55;;16.568024;20.829736;0.599933
23/06/2024 04:00;;16.503738;20.800138;0.624838
23/06/2024 04:15;;16.5223345;20.6977365;0.59681775
23/06/2024 04:20;;16.5612112;20.8147864;0.5875554
23/06/2024 04:25;;16.535338;20.7502548;0.5878466
23/06/2024 04:30;;16.436642;20.782128;0.583325
23/06/2024 04:45;;16.6107515;20.6808185;0.57932275
23/06/2024 04:50;;16.6874416;20.6878652;0.581559
23/06/2024 04:55;;16.666428;20.7514304;0.5755612
23/06/2024 05:00;;16.695752;20.698768;0.607536
23/06/2024 05:15;;16.7592005;20.503125;0.5821695
23/06/2024 05:20;;16.8979772;20.5774016;0.5772266
23/06/2024 05:25;;16.4330844;20.5387768;0.5698286
23/06/2024 05:30;;16.382942;20.554538;0.559047
23/06/2024 05:45;;16.293281;20.425383;0.580307
23/06/2024 05:50;;16.3819464;20.4889876;0.578132
23/06/2024 05:55;;16.41576;20.4974688;0.5782108
23/06/2024 06:00;;16.338952;20.456002;0.581149
23/06/2024 06:15;;16.18066;20.4293185;0.5733635
23/06/2024 06:20;;16.165038;20.3649456;0.582614
23/06/2024 06:25;;16.1423724;20.4217356;0.5816102
23/06/2024 06:30;;15.986228;20.391048;0.561792
23/06/2024 06:45;;15.897189;20.235971;0.57900375
23/06/2024 06:50;;15.7420976;20.1869744;0.5828158
23/06/2024 06:55;;15.4130952;20.2032948;0.5752544
23/06/2024 07:00;;15.334204;20.155672;0.566697
23/06/2024 07:15;;15.6972005;20.129646;0.5730125
23/06/2024 07:20;;15.5106208;20.0444272;0.576887
23/06/2024 07:25;;15.5427716;20.017426;0.5791256
23/06/2024 07:30;;15.694304;19.954398;0.577157
23/06/2024 07:45;;15.637092;19.9205595;0.5853265
23/06/2024 07:50;;15.6701072;19.9090404;0.5848828
23/06/2024 07:55;;15.6190476;19.8685904;0.5814686
23/06/2024 08:00;;15.635328;19.871026;0.588669
23/06/2024 08:15;;15.584676;19.923256;0.59002
23/06/2024 08:20;;15.8930888;19.8848948;0.5857612
23/06/2024 08:25;;15.6338608;19.9031212;0.5832634
23/06/2024 08:30;;16.126218;19.77575;0.595437
23/06/2024 08:45;;16.585833;19.78549;0.574754
23/06/2024 08:50;;16.7490672;19.7889192;0.5828606
23/06/2024 08:55;;15.7487384;19.7059508;0.593155
23/06/2024 09:00;;15.55142;19.649782;0.590633
23/06/2024 09:15;;16.001241;19.57672;0.5824405
23/06/2024 09:20;;15.8225316;19.5426804;0.590974
23/06/2024 09:25;;15.5923716;19.4721584;0.5724034
23/06/2024 09:30;;15.533128;19.379878;0.563917
23/06/2024 09:45;;15.2626315;19.515987;0.59625775
23/06/2024 09:50;;14.4254356;19.4399188;0.589596
23/06/2024 09:55;;14.0535844;19.4319692;0.5971238
23/06/2024 10:00;;13.89019;19.284278;0.627951
23/06/2024 10:15;;14.302408;19.2697545;0.59180825
23/06/2024 10:20;;14.5035308;19.2452856;0.602856
23/06/2024 10:25;;14.4445988;19.2187432;0.5928084
23/06/2024 10:30;;14.416918;19.200756;0.597188
23/06/2024 10:45;;14.155601;19.202445;0.62381875
23/06/2024 10:50;;14.260432;19.2005676;0.5894416
23/06/2024 10:55;;14.1785108;19.2011476;0.580831
23/06/2024 11:00;;14.455476;19.174202;0.59332
23/06/2024 11:15;;15.28171;19.05044;0.56883025
23/06/2024 11:20;;16.4534056;19.0886044;0.5906672
23/06/2024 11:25;;17.0802072;19.0553868;0.583379
23/06/2024 11:30;;17.871114;19.0337;0.583795
23/06/2024 11:45;;16.921307;18.9581505;0.5753305
23/06/2024 11:50;;15.9285168;18.9398148;0.5755412
23/06/2024 11:55;;16.4744112;18.9149984;0.591953
23/06/2024 12:00;;16.968074;18.928896;0.595368
23/06/2024 12:15;;17.2339515;18.909751;0.5911065
23/06/2024 12:20;;17.2612428;18.8636256;0.5818192
23/06/2024 12:25;;17.1386248;18.878748;0.5873852
23/06/2024 12:30;;16.964252;18.864304;0.608664
23/06/2024 12:45;;15.2324245;18.9065385;0.57916075
23/06/2024 12:50;;15.7120828;18.9135028;0.5794488
23/06/2024 12:55;;15.2325212;18.9479288;0.5792586
23/06/2024 13:00;;14.987454;18.851988;0.606918
23/06/2024 13:15;;16.466722;18.8879095;0.57857025
23/06/2024 13:20;;16.3898308;18.872102;0.5810162
23/06/2024 13:25;;16.7616696;18.8594044;0.5787864
23/06/2024 13:30;;16.941532;18.85609;0.598834
23/06/2024 13:45;;18.0660745;18.8208285;0.58292
23/06/2024 13:50;;17.7717612;18.8959596;0.5910178
23/06/2024 13:55;;17.5040424;18.8490868;0.5949154
23/06/2024 14:00;;18.32476;18.759192;0.587617
23/06/2024 14:15;;16.4958225;18.8038425;0.5748785
23/06/2024 14:20;;15.8966952;18.8193472;0.5877942
23/06/2024 14:25;;15.8219388;18.808818;0.5822334
23/06/2024 14:30;;16.001082;18.684196;0.59509
23/06/2024 14:45;;16.286841;18.702062;0.58193775
23/06/2024 14:50;;16.4393796;18.64467;0.5925812
23/06/2024 14:55;;16.3391032;18.6157028;0.5837716
23/06/2024 15:00;;15.884756;18.666602;0.590354
23/06/2024 15:15;;14.2298775;18.546609;0.58467425
23/06/2024 15:20;;14.2731944;18.5357432;0.5776822
23/06/2024 15:25;;14.1249924;18.461068;0.5946624
23/06/2024 15:30;;14.28582;18.500116;0.575132
23/06/2024 15:45;;14.3535305;18.3329225;0.588713
23/06/2024 15:50;;14.4161876;18.3538896;0.5891344
23/06/2024 15:55;;14.3863148;18.3364188;0.5877682
23/06/2024 16:00;;14.522426;18.246744;0.559967
23/06/2024 16:15;;14.505154;18.1842785;0.587366
23/06/2024 16:20;;14.7576704;18.1870724;0.5713438
23/06/2024 16:25;;14.6198796;18.1769904;0.5890334
23/06/2024 16:30;;14.53007;18.16975;0.597377
23/06/2024 16:45;;14.7048665;18.161423;0.594077
23/06/2024 16:50;;14.9025384;18.1412452;0.590593
23/06/2024 16:55;;14.6999012;18.0989916;0.5904584
23/06/2024 17:00;;15.155026;18.079602;0.560997
23/06/2024 17:15;;14.708195;18.0167955;0.59291275
23/06/2024 17:20;;14.893936;18.046178;0.5979224
23/06/2024 17:25;;15.6934488;17.9624492;0.5997816
23/06/2024 17:30;;15.853372;17.998086;0.59018
23/06/2024 17:45;;15.627493;17.9521085;0.59102725
23/06/2024 17:50;;15.636754;17.9556912;0.6058214
23/06/2024 17:55;;15.8814592;17.954322;0.5836922
23/06/2024 18:00;;15.823784;17.893936;0.555625
23/06/2024 18:15;;15.4739525;17.885719;0.59805725
23/06/2024 18:20;;15.4501352;17.802048;0.5939952
23/06/2024 18:25;;15.6238804;17.7997964;0.5763924
23/06/2024 18:30;;15.487292;17.853984;0.590754
23/06/2024 18:45;;15.601204;17.828239;0.5884935
23/06/2024 18:50;;15.3961588;17.8298508;0.5899308
23/06/2024 18:55;;15.4637188;17.80372;0.5924232
23/06/2024 19:00;;15.312116;17.809544;0.589924
23/06/2024 19:15;;14.95973;17.7421105;0.6012305
23/06/2024 19:20;;15.1862048;17.720116;0.5948412
23/06/2024 19:25;;15.557978;17.69567;0.5924462
23/06/2024 19:30;;15.48803;17.69825;0.581616
23/06/2024 19:45;;14.970594;17.6111675;0.5865735
23/06/2024 19:50;;15.3198164;17.6143952;0.5939376
23/06/2024 19:55;;15.5156916;17.6217556;0.6041828
23/06/2024 20:00;;15.523046;17.605244;0.593465
23/06/2024 20:15;;15.218864;17.393555;0.5917755
23/06/2024 20:20;;15.205026;17.39219;0.5917398
23/06/2024 20:25;;15.380336;17.3830944;0.6010332
23/06/2024 20:30;;15.384916;17.33715;0.609131
23/06/2024 20:45;;16.01022;17.4112485;0.59631675
23/06/2024 20:50;;15.9680408;17.402418;0.6050468
23/06/2024 20:55;;16.086548;17.40988;0.5963342
23/06/2024 21:00;;16.069322;17.388116;0.579745
23/06/2024 21:15;;15.597122;17.4800465;0.58946625
23/06/2024 21:20;;15.7106256;17.4695016;0.5842232
23/06/2024 21:25;;15.8670408;17.4342164;0.5936636
23/06/2024 21:30;;15.97225;17.453082;0.586257
23/06/2024 21:45;;15.7628275;17.346412;0.593717
23/06/2024 21:50;;15.825394;17.336952;0.5916112
23/06/2024 21:55;;15.7356044;17.3213104;0.593254
23/06/2024 22:00;;15.887502;17.400002;0.611797
23/06/2024 22:15;;15.682967;17.3432235;0.586115
23/06/2024 22:20;;15.686578;17.3298232;0.5861816
23/06/2024 22:25;;15.66378;17.3219216;0.5869972
23/06/2024 22:30;;15.710996;17.358062;0.593766
23/06/2024 22:45;;15.6334325;17.2370955;0.5903395
23/06/2024 22:50;;15.573908;17.2118468;0.6004018
23/06/2024 22:55;;15.4763756;17.195422;0.5901668
23/06/2024 23:00;;15.450756;17.140174;0.607224
23/06/2024 23:15;;15.395175;17.120474;0.59780675
23/06/2024 23:20;;15.4494612;17.1464272;0.599768
23/06/2024 23:25;;15.6401644;17.115646;0.5957076
23/06/2024 23:30;;15.751938;17.13211;0.62381
23/06/2024 23:45;;15.9412935;17.047341;0.59492275
23/06/2024 23:50;;16.0261404;17.0408892;0.6015624
23/06/2024 23:55;;16.0116896;17.0311288;0.5964602
24/06/2024 00:00;;16.04075;17.090222;0.58005
24/06/2024 00:15;;15.9688565;17.0054395;0.594116
24/06/2024 00:20;;15.9707924;17.0635784;0.6001608
24/06/2024 00:25;;16.064022;17.0198636;0.5955534
24/06/2024 00:30;;15.9704;16.951398;0.585257
24/06/2024 00:45;;15.9360515;17.009784;0.59117025
24/06/2024 00:50;;15.9653444;16.97625;0.6116262
24/06/2024 00:55;;15.9964728;16.975464;0.5963628
24/06/2024 01:00;;16.048264;16.968922;0.599838
24/06/2024 01:15;;15.8884735;16.970841;0.59879775
24/06/2024 01:20;;15.9589388;16.9374244;0.5980294
24/06/2024 01:25;;16.0632072;17.0037836;0.5947986
24/06/2024 01:30;;16.013886;17.00182;0.567964
24/06/2024 01:45;;15.628915;16.9645385;0.60234125
24/06/2024 01:50;;15.7195848;16.9545992;0.6055332
24/06/2024 01:55;;15.6902028;16.9083856;0.59322
24/06/2024 02:00;;15.709978;16.90736;0.592904
24/06/2024 02:15;;15.391121;16.78292;0.60357375
24/06/2024 02:20;;15.5154648;16.764878;0.5959524
24/06/2024 02:25;;15.5082284;16.7453772;0.5939276
24/06/2024 02:30;;15.555194;16.780334;0.597879
24/06/2024 02:45;;15.90274;16.703397;0.61769925
24/06/2024 02:50;;15.8710664;16.7490528;0.6107854
24/06/2024 02:55;;15.8007384;16.7210648;0.6166464
24/06/2024 03:00;;15.754222;16.808864;0.631416
24/06/2024 03:15;;15.8021695;16.754667;0.6050745
24/06/2024 03:20;;15.8210592;16.6657004;0.6095742
24/06/2024 03:25;;15.7776256;16.6282496;0.6071916
24/06/2024 03:30;;15.728096;16.656014;0.622266
24/06/2024 03:45;;15.942184;16.6794035;0.611363
24/06/2024 03:50;;15.868832;16.6263852;0.5971862
24/06/2024 03:55;;15.8415112;16.6820768;0.5899092
24/06/2024 04:00;;15.901096;16.680416;0.584761
24/06/2024 04:15;;15.898127;16.679516;0.5821275
24/06/2024 04:20;;15.8451608;16.7572844;0.60074
24/06/2024 04:25;;15.618736;16.7495696;0.6070918
24/06/2024 04:30;;15.481498;16.729932;0.598189
24/06/2024 04:45;;15.4350045;16.6725485;0.58864475
24/06/2024 04:50;;15.6346472;16.6448828;0.5867168
24/06/2024 04:55;;15.72663;16.6544532;0.5869602
24/06/2024 05:00;;15.769006;16.671254;0.577696
24/06/2024 05:15;;15.9425365;16.6547915;0.600697
24/06/2024 05:20;;15.7868868;16.6791964;0.5976762
24/06/2024 05:25;;15.6592972;16.61233;0.5983688
24/06/2024 05:30;;15.738076;16.666024;0.604412
24/06/2024 05:45;;15.9981715;16.6548905;0.60444325
24/06/2024 05:50;;16.0351372;16.6468612;0.590922
24/06/2024 05:55;;16.2624172;16.6453352;0.5836728
24/06/2024 06:00;;16.442304;16.613392;0.586943
24/06/2024 06:15;;16.614202;16.735314;0.58549425
24/06/2024 06:20;;16.6454876;16.7426244;0.599897
24/06/2024 06:25;;16.7182348;16.7832288;0.5885134
24/06/2024 06:30;;16.77358;16.820732;0.583615
24/06/2024 06:45;;17.027407;16.922246;0.60043575
24/06/2024 06:50;;16.6984528;16.9819348;0.5906154
24/06/2024 06:55;;16.6515584;17.0005196;0.594149
24/06/2024 07:00;;16.541352;16.988636;0.583257
24/06/2024 07:15;;16.870117;17.090244;0.590634
24/06/2024 07:20;;16.9890044;17.1084628;0.592325
24/06/2024 07:25;;17.0577656;17.1216132;0.5860336
24/06/2024 07:30;;17.037686;17.18454;0.584658
24/06/2024 07:45;;17.0997615;17.1748645;0.59314975
24/06/2024 07:50;;17.2652148;17.1697824;0.5921336
24/06/2024 07:55;;17.2458004;17.2341332;0.583493
24/06/2024 08:00;;17.16811;17.299132;0.582386
24/06/2024 08:15;;17.275945;17.3829115;0.60205225
24/06/2024 08:20;;17.1658196;17.3765588;0.588815
24/06/2024 08:25;;17.052408;17.3931772;0.6019882
24/06/2024 08:30;;17.052966;17.450366;0.618413
24/06/2024 08:45;;16.8371625;17.499481;0.58412575
24/06/2024 08:50;;16.7052716;17.471058;0.610609
24/06/2024 08:55;;16.7260724;17.3868096;0.5916312
24/06/2024 09:00;;16.631482;17.452794;0.591532
24/06/2024 09:15;;16.574673;17.3434685;0.60268525
24/06/2024 09:20;;16.693206;17.3335708;0.5959628
24/06/2024 09:25;;16.4929076;17.357126;0.5858602
24/06/2024 09:30;;16.18076;17.408512;0.593407
24/06/2024 09:45;;17.106081;17.3546335;0.60201075
24/06/2024 09:50;;17.0051756;17.327232;0.6037908
24/06/2024 09:55;;17.1777868;17.4266988;0.587695
24/06/2024 10:00;;16.686958;17.29522;0.603484
24/06/2024 10:15;;17.0909625;17.427129;0.5885645
24/06/2024 10:20;;16.7826112;17.4390512;0.5966308
24/06/2024 10:25;;16.64582;17.4350704;0.5880574
24/06/2024 10:30;;16.58996;17.38422;0.573739
24/06/2024 10:45;;16.283203;17.529579;0.58302475
24/06/2024 10:50;;17.4495948;17.5551036;0.585905
24/06/2024 10:55;;17.4904528;17.5788188;0.5812814
24/06/2024 11:00;;17.314722;17.467654;0.626581
24/06/2024 11:15;;18.553128;17.586148;0.612609
24/06/2024 11:20;;18.4663668;17.625534;0.5972998
24/06/2024 11:25;;18.7679836;17.6659468;0.5817432
24/06/2024 11:30;;18.491616;17.759152;0.60454
24/06/2024 11:45;;18.486699;17.780944;0.5788005
24/06/2024 11:50;;18.3303944;17.8329876;0.5861086
24/06/2024 11:55;;18.3154004;17.8886692;0.5901974
24/06/2024 12:00;;18.42232;17.903786;0.557131
24/06/2024 12:15;;18.5424605;17.955258;0.6068315
24/06/2024 12:20;;18.606452;17.9514768;0.5813026
24/06/2024 12:25;;18.3013316;17.9689168;0.5952952
24/06/2024 12:30;;19.134308;17.986344;0.594514
24/06/2024 12:45;;19.85663;18.131738;0.5854435
24/06/2024 12:50;;19.784948;18.195914;0.5975802
24/06/2024 12:55;;19.3531448;18.2450344;0.5942526
24/06/2024 13:00;;19.210164;18.241656;0.606179
24/06/2024 13:15;;18.953861;18.4095755;0.5897575
24/06/2024 13:20;;19.0054228;18.3975572;0.5904782
24/06/2024 13:25;;18.812892;18.391754;0.5848638
24/06/2024 13:30;;18.907326;18.459278;0.556996
24/06/2024 13:45;;18.7021705;18.517752;0.57623375
24/06/2024 13:50;;18.6787836;18.5444316;0.6184132
24/06/2024 13:55;;18.7864448;18.5959708;0.6163154
24/06/2024 14:00;;19.083484;18.642396;0.596399
24/06/2024 14:15;;17.0413995;18.6371015;0.58480825
24/06/2024 14:20;;16.7164392;18.6859568;0.5780914
24/06/2024 14:25;;17.8497784;18.6121988;0.5911976
24/06/2024 14:30;;17.949314;18.600452;0.573474
24/06/2024 14:45;;17.40433;18.5562815;0.58340425
24/06/2024 14:50;;17.7054072;18.5371068;0.591794
24/06/2024 14:55;;18.1832292;18.5127084;0.5791516
24/06/2024 15:00;;18.357734;18.579674;0.567395
24/06/2024 15:15;;18.4557375;18.6224925;0.57194075
24/06/2024 15:20;;18.0135916;18.6190824;0.5973738
24/06/2024 15:25;;17.649322;18.6107028;0.5947518
24/06/2024 15:30;;18.120986;18.637304;0.56454
24/06/2024 15:45;;17.70877;18.6098215;0.58161775
24/06/2024 15:50;;18.0935916;18.6207008;0.5890764
24/06/2024 15:55;;18.2666396;18.5743484;0.578721
24/06/2024 16:00;;18.527384;18.684404;0.593221
24/06/2024 16:15;;17.786235;18.6460235;0.5832655
24/06/2024 16:20;;17.1967824;18.65376;0.5947074
24/06/2024 16:25;;17.4595572;18.6042836;0.5844648
24/06/2024 16:30;;16.887642;18.58373;0.578523
24/06/2024 16:45;;17.705386;18.5404215;0.58894875
24/06/2024 16:50;;17.6441492;18.5140856;0.5959408
24/06/2024 16:55;;17.6625452;18.5448996;0.594008
24/06/2024 17:00;;17.714302;18.449512;0.569721
24/06/2024 17:15;;17.8270725;18.577189;0.58287625
24/06/2024 17:20;;17.9158784;18.586138;0.580227
24/06/2024 17:25;;17.9355432;18.5304016;0.577454
24/06/2024 17:30;;18.021798;18.58249;0.570213
24/06/2024 17:45;;18.3520415;18.591679;0.5869825
24/06/2024 17:50;;18.5133052;18.605116;0.5807504
24/06/2024 17:55;;18.6974432;18.6576184;0.5803316
24/06/2024 18:00;;18.74878;18.602394;0.592638
24/06/2024 18:15;;19.1273865;18.683093;0.58089525
24/06/2024 18:20;;19.1482532;18.6676352;0.5829878
24/06/2024 18:25;;19.1143504;18.704062;0.5858144
24/06/2024 18:30;;19.156212;18.70976;0.579916
24/06/2024 18:45;;19.1939755;18.8033505;0.578875
24/06/2024 18:50;;19.1674444;18.8379964;0.5810838
24/06/2024 18:55;;19.1069724;18.8433896;0.5720132
24/06/2024 19:00;;19.177262;18.80727;0.590695
24/06/2024 19:15;;19.285252;18.9450035;0.57608075
24/06/2024 19:20;;19.274394;18.9803924;0.5711444
24/06/2024 19:25;;19.1863308;19.0242888;0.5903882
24/06/2024 19:30;;19.20721;19.063362;0.591335
24/06/2024 19:45;;18.5872835;19.069588;0.5627405
24/06/2024 19:50;;18.7867372;19.1012948;0.5714976
24/06/2024 19:55;;18.5787336;19.0971312;0.5728606
24/06/2024 20:00;;18.716712;19.07169;0.569428
24/06/2024 20:15;;17.5586445;19.1544875;0.5802265
24/06/2024 20:20;;16.7867948;19.1791788;0.5696862
24/06/2024 20:25;;17.5100156;19.1694676;0.562323
24/06/2024 20:30;;17.712188;19.142608;0.571006
24/06/2024 20:45;;17.059432;19.203524;0.57664225
24/06/2024 20:50;;17.428682;19.2119096;0.5722536
24/06/2024 20:55;;17.4887724;19.168824;0.5788642
24/06/2024 21:00;;17.529522;19.138278;0.590807
24/06/2024 21:15;;17.7654695;19.1025655;0.5777845
24/06/2024 21:20;;17.6974848;19.072186;0.5754692
24/06/2024 21:25;;17.6795768;19.0267636;0.5689082
24/06/2024 21:30;;17.693344;18.995602;0.587413
24/06/2024 21:45;;17.580239;18.9646555;0.58959625
24/06/2024 21:50;;17.64533;18.9065104;0.5740842
24/06/2024 21:55;;17.6525008;18.904174;0.5817836
24/06/2024 22:00;;17.594952;18.815536;0.557012
24/06/2024 22:15;;17.534349;18.7841205;0.5757785
24/06/2024 22:20;;17.4285968;18.7881368;0.5767306
24/06/2024 22:25;;17.4099;18.729212;0.5694876
24/06/2024 22:30;;17.321514;18.828014;0.566458
24/06/2024 22:45;;16.4936125;18.7939165;0.58386975
24/06/2024 22:50;;15.6473824;18.796924;0.5922598
24/06/2024 22:55;;15.5664628;18.725242;0.5903026
24/06/2024 23:00;;15.601804;18.75039;0.59301
24/06/2024 23:15;;15.788976;18.6266765;0.577306
24/06/2024 23:20;;15.8425232;18.5903112;0.5821104
24/06/2024 23:25;;15.7008584;18.6132568;0.5845554
24/06/2024 23:30;;15.577654;18.55896;0.577218
24/06/2024 23:45;;15.569747;18.3775635;0.57685175
24/06/2024 23:50;;15.5994536;18.3696724;0.5905886
24/06/2024 23:55;;15.5603188;18.2974848;0.574539
25/06/2024 00:00;;15.595586;18.298666;0.562304
25/06/2024 00:15;;16.8767925;18.316812;0.5846365
25/06/2024 00:20;;16.8537636;18.33767;0.5798814
25/06/2024 00:25;;16.8036468;18.3415576;0.5835128
25/06/2024 00:30;;16.981124;18.310092;0.574807
25/06/2024 00:45;;16.9386155;18.240933;0.58813025
25/06/2024 00:50;;16.881196;18.2272108;0.5916114
25/06/2024 00:55;;16.964374;18.173852;0.5843492
25/06/2024 01:00;;17.001248;18.197744;0.60736
25/06/2024 01:15;;16.7881565;18.187041;0.577078
25/06/2024 01:20;;16.8299432;18.1643948;0.5953406
25/06/2024 01:25;;16.7810224;18.1971328;0.5849224
25/06/2024 01:30;;16.647858;18.133308;0.589498
25/06/2024 01:45;;16.8461725;18.1141155;0.584156
25/06/2024 01:50;;16.6317548;18.0706024;0.5808952
25/06/2024 01:55;;16.773194;18.0678484;0.5896548
25/06/2024 02:00;;16.768332;18.064204;0.57749
25/06/2024 02:15;;16.980984;17.971534;0.582531
25/06/2024 02:20;;16.7901136;18.0237112;0.5859736
25/06/2024 02:25;;16.70037;18.017128;0.5844854
25/06/2024 02:30;;16.643216;17.98756;0.563225
25/06/2024 02:45;;16.6906545;17.949097;0.58322075
25/06/2024 02:50;;16.769246;17.8930512;0.586435
25/06/2024 02:55;;16.3546208;17.8918048;0.5804862
25/06/2024 03:00;;16.345716;17.850476;0.574333
25/06/2024 03:15;;16.114186;17.814566;0.58276175
25/06/2024 03:20;;16.1703344;17.8049228;0.5807358
25/06/2024 03:25;;16.2220148;17.8276928;0.601226
25/06/2024 03:30;;16.189754;17.799442;0.598365
25/06/2024 03:45;;16.2585825;17.6527215;0.57904325
25/06/2024 03:50;;16.2925584;17.712508;0.5795116
25/06/2024 03:55;;15.8232752;17.6739624;0.5902272
25/06/2024 04:00;;16.054398;17.71682;0.59485
25/06/2024 04:15;;16.255396;17.516989;0.58924525
25/06/2024 04:20;;16.2649584;17.6125808;0.5818432
25/06/2024 04:25;;16.3342632;17.6112708;0.5943278
25/06/2024 04:30;;16.300912;17.576752;0.600352
25/06/2024 04:45;;15.9325085;17.4663695;0.5938015
25/06/2024 04:50;;15.9857432;17.4773608;0.5994552
25/06/2024 04:55;;16.0134748;17.4510816;0.5812258
25/06/2024 05:00;;15.946062;17.360934;0.570791
25/06/2024 05:15;;15.9945385;17.403015;0.5765945
25/06/2024 05:20;;16.0564088;17.4296288;0.585565
25/06/2024 05:25;;16.090392;17.3673652;0.5771628
25/06/2024 05:30;;16.092488;17.335122;0.577389
25/06/2024 05:45;;16.3004985;17.384822;0.57283325
25/06/2024 05:50;;16.3178028;17.3432168;0.585852
25/06/2024 05:55;;16.2675148;17.2896536;0.6048112
25/06/2024 06:00;;16.328884;17.283698;0.59706
25/06/2024 06:15;;15.515503;17.4182635;0.58602925
25/06/2024 06:20;;15.2307548;17.4356448;0.5684368
25/06/2024 06:25;;15.2434172;17.4270944;0.5790216
25/06/2024 06:30;;15.284728;17.586388;0.569239
25/06/2024 06:45;;15.146733;17.205663;0.57934275
25/06/2024 06:50;;15.1579448;17.2400468;0.5825118
25/06/2024 06:55;;15.237626;17.2741132;0.5773396
25/06/2024 07:00;;15.279566;17.300366;0.59041
25/06/2024 07:15;;15.464912;17.175358;0.5818805
25/06/2024 07:20;;15.5310272;17.2708744;0.5785904
25/06/2024 07:25;;15.6293172;17.2489868;0.578664
25/06/2024 07:30;;15.678896;17.404326;0.563434
25/06/2024 07:45;;15.889387;17.1994235;0.59213575
25/06/2024 07:50;;15.9951412;17.2500276;0.5775732
25/06/2024 07:55;;16.2342896;17.2266712;0.5731288
25/06/2024 08:00;;16.129212;17.201634;0.579723
25/06/2024 08:15;;17.2526215;17.4674315;0.565993
25/06/2024 08:20;;16.8162132;17.4524248;0.5782612
25/06/2024 08:25;;17.8801984;17.5291436;0.5849304
25/06/2024 08:30;;17.791924;17.498848;0.584582
25/06/2024 08:45;;17.991373;17.8769275;0.58778175
25/06/2024 08:50;;17.98543;17.8653832;0.5819832
25/06/2024 08:55;;18.1819516;17.8740336;0.5665066
25/06/2024 09:00;;17.943176;17.885494;0.576446
25/06/2024 09:15;;18.4691555;18.137593;0.56339075
25/06/2024 09:20;;18.4016508;18.1154296;0.572422
25/06/2024 09:25;;18.7326704;18.1343024;0.5813772
25/06/2024 09:30;;18.790714;18.15524;0.574679
25/06/2024 09:45;;19.173581;18.3096085;0.5759195
25/06/2024 09:50;;19.095744;18.3284472;0.5713914
25/06/2024 09:55;;19.4900364;18.3306808;0.5842778
25/06/2024 10:00;;19.49522;18.389912;0.592582
25/06/2024 10:15;;20.1013515;18.4916035;0.55306225
25/06/2024 10:20;;20.224618;18.5379176;0.5686642
25/06/2024 10:25;;20.8180028;18.6729852;0.5712504
25/06/2024 10:30;;20.852842;18.614356;0.58283
25/06/2024 10:45;;24.505747;18.882378;0.57272125
25/06/2024 10:50;;25.5608272;18.9362216;0.5593882
25/06/2024 10:55;;25.1475852;19.0325492;0.5669948
25/06/2024 11:00;;26.259402;19.30671;0.569959
25/06/2024 11:15;;24.397662;19.6751615;0.54876675
25/06/2024 11:20;;27.7221836;19.8430508;0.5586082
25/06/2024 11:25;;26.3261072;19.9182732;0.5534814
25/06/2024 11:30;;24.6605;19.972114;0.555334
25/06/2024 11:45;;26.81728;20.3664665;0.54696075
25/06/2024 11:50;;25.4210672;20.4783364;0.5581076
25/06/2024 11:55;;24.7218516;20.4643268;0.5552914
25/06/2024 12:00;;25.343842;20.51986;0.546989
25/06/2024 12:15;;28.534467;20.6828505;0.54745
25/06/2024 12:20;;27.0810484;20.7380848;0.5543188
25/06/2024 12:25;;28.0490188;20.8290848;0.562101
25/06/2024 12:30;;28.106082;20.936172;0.561652
25/06/2024 12:45;;26.868779;21.1830595;0.5571065
25/06/2024 12:50;;28.5298668;21.2201784;0.5371352
25/06/2024 12:55;;29.0734984;22.1348552;0.5352386
25/06/2024 13:00;;29.111572;21.349316;0.538338
25/06/2024 13:15;;27.131617;21.446653;0.5252265
25/06/2024 13:20;;26.1206956;21.5638556;0.5465424
25/06/2024 13:25;;26.2094392;21.558468;0.5610502
25/06/2024 13:30;;27.82036;21.545258;0.526462
25/06/2024 13:45;;25.756628;21.727671;0.53864575
25/06/2024 13:50;;25.48952;21.7029812;0.5509928
25/06/2024 13:55;;25.6427812;21.7074228;0.5545782
25/06/2024 14:00;;25.830442;21.739486;0.546251
25/06/2024 14:15;;24.415966;21.870446;0.566008
25/06/2024 14:20;;23.6802368;21.8724676;0.5806842
25/06/2024 14:25;;22.8555372;21.8194516;0.5881266
25/06/2024 14:30;;22.379056;21.765828;0.593188
25/06/2024 14:45;;24.3420775;21.879314;0.6189825
25/06/2024 14:50;;23.8418628;21.7949644;0.6091572
25/06/2024 14:55;;23.3600164;21.8821532;0.6170638
25/06/2024 15:00;;23.04633;21.77885;0.619154
25/06/2024 15:15;;23.905391;21.8716115;0.5657815
25/06/2024 15:20;;25.1673236;21.9150392;0.5615672
25/06/2024 15:25;;24.2629032;21.9392228;0.581414
25/06/2024 15:30;;24.53936;21.994094;0.573536
25/06/2024 15:45;;23.134672;22.029553;0.61833725
25/06/2024 15:50;;23.6362968;22.0426868;0.5965224
25/06/2024 15:55;;24.6780708;22.0602976;0.5785632
25/06/2024 16:00;;24.965424;22.087764;0.544703
25/06/2024 16:15;;25.615516;22.1823375;0.5628265
25/06/2024 16:20;;25.1530228;22.2081392;0.565384
25/06/2024 16:25;;25.3348488;22.2464388;0.5622356
25/06/2024 16:30;;24.67107;22.224816;0.572988
25/06/2024 16:45;;25.0054415;22.276949;0.555904
25/06/2024 16:50;;25.217746;22.3308108;0.5473432
25/06/2024 16:55;;24.736018;22.308396;0.5519688
25/06/2024 17:00;;24.370222;22.278726;0.553436
25/06/2024 17:15;;25.1939965;22.299192;0.60013025
25/06/2024 17:20;;24.8962932;22.298048;0.5809668
25/06/2024 17:25;;25.0199052;22.2988112;0.5807518
25/06/2024 17:30;;24.607952;22.342026;0.675281
25/06/2024 17:45;;23.736595;22.3635445;0.57293925
25/06/2024 17:50;;23.9874148;22.3723452;0.5582078
25/06/2024 17:55;;23.927596;22.3369368;0.5498072
25/06/2024 18:00;;24.134922;22.479826;0.551786
25/06/2024 18:15;;17.638316;22.234362;0.57781725
25/06/2024 18:20;;17.5007152;22.2573168;0.5670382
25/06/2024 18:25;;17.3968648;22.2186056;0.5760292
25/06/2024 18:30;;17.273518;22.203742;0.643667
25/06/2024 18:45;;18.814931;22.0137525;0.57070275
25/06/2024 18:50;;18.79836;22.0594176;0.5880826
25/06/2024 18:55;;18.7234244;21.9859544;0.5845442
25/06/2024 19:00;;18.878838;22.05073;0.592699
25/06/2024 19:15;;18.7157825;21.907757;0.559459
25/06/2024 19:20;;18.848242;21.875766;0.5529956
25/06/2024 19:25;;18.9616964;21.8783196;0.5665306
25/06/2024 19:30;;18.980578;21.906338;0.562781
25/06/2024 19:45;;18.8229885;21.817166;0.55455825
25/06/2024 19:50;;18.6287376;21.7866364;0.5617486
25/06/2024 19:55;;18.8155088;21.7605516;0.5708306
25/06/2024 20:00;;18.89209;21.832406;0.569043
25/06/2024 20:15;;18.605038;21.667215;0.5618175
25/06/2024 20:20;;18.658404;21.6953728;0.5715294
25/06/2024 20:25;;18.6706344;21.6539064;0.5574276
25/06/2024 20:30;;18.82085;21.621208;0.559578
25/06/2024 20:45;;18.517818;21.5848265;0.55025175
25/06/2024 20:50;;18.4830396;21.5515604;0.5587314
25/06/2024 20:55;;18.615544;21.5575492;0.5492574
25/06/2024 21:00;;18.413872;21.456756;0.572966
25/06/2024 21:15;;18.592788;21.4387405;0.56405725
25/06/2024 21:20;;18.8377412;21.4729492;0.5699086
25/06/2024 21:25;;18.8976944;21.4447744;0.5683594
25/06/2024 21:30;;18.895974;21.509564;0.578643
25/06/2024 21:45;;18.5700735;21.3556045;0.56091675
25/06/2024 21:50;;18.5271964;21.3674996;0.5612282
25/06/2024 21:55;;18.2127676;21.3134696;0.5714194
25/06/2024 22:00;;18.407232;21.378654;0.576301
25/06/2024 22:15;;18.378935;21.21744;0.56708375
25/06/2024 22:20;;18.3271372;21.1738176;0.5731626
25/06/2024 22:25;;18.3313048;21.3360372;0.5710712
25/06/2024 22:30;;18.246822;21.18927;0.5598
25/06/2024 22:45;;18.049056;21.023113;0.572623
25/06/2024 22:50;;17.948898;20.9478008;0.5765044
25/06/2024 22:55;;17.616746;20.9430992;0.5545474
25/06/2024 23:00;;17.67939;20.956516;0.541915
25/06/2024 23:15;;17.494038;20.821953;0.5700675
25/06/2024 23:20;;17.5203464;20.8009892;0.5654422
25/06/2024 23:25;;17.523586;20.7593792;0.5665044
25/06/2024 23:30;;17.758388;20.743144;0.561902
25/06/2024 23:45;;17.4949375;20.621922;0.56584825
25/06/2024 23:50;;17.4957376;20.5475072;0.5738322
25/06/2024 23:55;;17.5144088;20.5532964;0.571468
26/06/2024 00:00;;17.56989;20.579376;0.55145
26/06/2024 00:15;;17.493718;20.416008;0.55950525
26/06/2024 00:20;;17.3063764;20.3867232;0.56634
26/06/2024 00:25;;17.4879272;20.2520076;0.55922
26/06/2024 00:30;;17.465366;20.319012;0.574659
26/06/2024 00:45;;17.2910655;20.1921915;0.57329475
26/06/2024 00:50;;17.2944032;20.1447784;0.5652276
26/06/2024 00:55;;17.3341152;20.0747544;0.5604982
26/06/2024 01:00;;17.282904;20.137486;0.539158
26/06/2024 01:15;;17.252184;19.9232695;0.57506375
26/06/2024 01:20;;17.0480436;19.886104;0.5613382
26/06/2024 01:25;;16.988722;19.8933676;0.5618642
26/06/2024 01:30;;17.038788;19.870114;0.578349
26/06/2024 01:45;;16.797745;19.7125985;0.56396675
26/06/2024 01:50;;16.9427064;19.712422;0.5665898
26/06/2024 01:55;;16.7990992;19.6533484;0.5701686
26/06/2024 02:00;;16.737058;19.6249;0.565533
26/06/2024 02:15;;16.57116;19.495386;0.5729135
26/06/2024 02:20;;16.6344088;19.4603408;0.5624578
26/06/2024 02:25;;16.8017144;19.4559048;0.568111
26/06/2024 02:30;;16.833518;19.454028;0.56934
26/06/2024 02:45;;16.614602;19.313786;0.57214325
26/06/2024 02:50;;16.6485884;19.2670624;0.5664586
26/06/2024 02:55;;16.6727492;19.206206;0.5574216
26/06/2024 03:00;;16.517826;19.19683;0.566296
26/06/2024 03:15;;16.55168;19.1901525;0.575795
26/06/2024 03:20;;16.500332;19.0848176;0.5683102
26/06/2024 03:25;;16.582844;19.0492496;0.564868
26/06/2024 03:30;;16.563272;19.080628;0.555036
26/06/2024 03:45;;16.6491315;18.9328185;0.573908
26/06/2024 03:50;;16.5464724;18.9212692;0.5701018
26/06/2024 03:55;;16.3227704;18.907666;0.56195
26/06/2024 04:00;;16.283448;18.878842;0.562584
26/06/2024 04:15;;16.061344;18.664372;0.57310675
26/06/2024 04:20;;16.225014;18.6844876;0.5658172
26/06/2024 04:25;;16.0494276;18.5838148;0.5796542
26/06/2024 04:30;;16.001534;18.60371;0.576695
26/06/2024 04:45;;15.763411;18.432629;0.57613625
26/06/2024 04:50;;16.08523;18.4052876;0.5653576
26/06/2024 04:55;;16.1610096;18.3623808;0.5791862
26/06/2024 05:00;;16.14151;18.317646;0.571535
26/06/2024 05:15;;15.668014;18.2926225;0.56646425
26/06/2024 05:20;;15.678266;18.2041704;0.5628484
26/06/2024 05:25;;15.7148444;18.2171484;0.5571034
26/06/2024 05:30;;15.775576;18.145944;0.559829
26/06/2024 05:45;;15.5846465;18.022569;0.5496015
26/06/2024 05:50;;15.5279864;17.9936824;0.56055
26/06/2024 05:55;;15.6463112;17.9410396;0.5554408
26/06/2024 06:00;;15.755146;17.98865;0.542685
26/06/2024 06:15;;16.142796;17.8690325;0.54059
26/06/2024 06:20;;16.1943724;17.8426728;0.553837
26/06/2024 06:25;;16.3762772;17.8466336;0.5535428
26/06/2024 06:30;;16.214196;17.789756;0.524458
26/06/2024 06:45;;16.640392;17.763526;0.563105
26/06/2024 06:50;;17.0003424;17.7349444;0.5541898
26/06/2024 06:55;;17.1743572;17.7778412;0.5643006
26/06/2024 07:00;;17.595866;17.746364;0.570108
26/06/2024 07:15;;19.9464355;17.8979265;0.558231
26/06/2024 07:20;;20.4074592;17.978028;0.5706006
26/06/2024 07:25;;20.2455156;18.03183;0.56213
26/06/2024 07:30;;20.972392;18.031106;0.595582
26/06/2024 07:45;;21.7565125;18.38827;0.5675885
26/06/2024 07:50;;21.7606576;18.4796568;0.565406
26/06/2024 07:55;;22.365016;18.545088;0.5527094
26/06/2024 08:00;;22.625164;18.561532;0.538741
26/06/2024 08:15;;23.0787465;18.8924145;0.54292225
26/06/2024 08:20;;24.1319924;18.9390088;0.5568388
26/06/2024 08:25;;24.7338584;19.246796;0.550832
26/06/2024 08:30;;24.95055;19.129066;0.539349
26/06/2024 08:45;;24.8018455;19.3489255;0.559543
26/06/2024 08:50;;24.3681856;19.5174356;0.5555838
26/06/2024 08:55;;24.56437;19.6209116;0.5433178
26/06/2024 09:00;;22.704206;19.518036;0.561174
26/06/2024 09:15;;25.974924;19.947567;0.532511
26/06/2024 09:20;;25.1629184;20.0310952;0.5349592
26/06/2024 09:25;;24.7555852;20.1295336;0.5446444
26/06/2024 09:30;;26.238832;20.143936;0.539863
26/06/2024 09:45;;24.575353;20.323818;0.5510035
26/06/2024 09:50;;25.4891352;20.3850596;0.5272476
26/06/2024 09:55;;25.415146;20.5055604;0.531575
26/06/2024 10:00;;24.57199;20.486164;0.53289
26/06/2024 10:15;;24.6870205;20.7280465;0.5329705
26/06/2024 10:20;;24.267026;20.730978;0.526332
26/06/2024 10:25;;25.473932;20.794336;0.5449382
26/06/2024 10:30;;24.999926;20.911376;0.540602
26/06/2024 10:45;;26.331848;20.9810025;0.53388475
26/06/2024 10:50;;26.8499096;21.0589236;0.5285346
26/06/2024 10:55;;28.1997656;21.1095808;0.5371822
26/06/2024 11:00;;27.82869;21.116466;0.528202
26/06/2024 11:15;;28.224232;21.411462;0.52726975
26/06/2024 11:20;;27.7054808;21.4930356;0.5253772
26/06/2024 11:25;;27.4650716;21.5799632;0.5213214
26/06/2024 11:30;;28.05959;21.64537;0.538082
26/06/2024 11:45;;28.364166;21.9481515;0.54575875
26/06/2024 11:50;;29.6267772;21.9667076;0.546784
26/06/2024 11:55;;27.7563716;22.0183216;0.5587128
26/06/2024 12:00;;28.58597;22.032372;0.554491
26/06/2024 12:15;;29.028709;22.228127;0.5320905
26/06/2024 12:20;;27.0434012;22.2593544;0.5587594
26/06/2024 12:25;;26.4695052;22.331006;0.5413088
26/06/2024 12:30;;26.6837;22.368686;0.544011
26/06/2024 12:45;;24.780657;22.3916925;0.56336075
26/06/2024 12:50;;26.891288;22.4019068;0.541007
26/06/2024 12:55;;26.8824792;22.4655744;0.5319798
26/06/2024 13:00;;26.190058;22.405158;0.528029
26/06/2024 13:15;;25.650603;22.533356;0.55005275
26/06/2024 13:20;;26.8072384;22.5439272;0.5299716
26/06/2024 13:25;;28.6985556;22.6144168;0.5270934
26/06/2024 13:30;;26.900664;22.542074;0.535185
26/06/2024 13:45;;28.392535;22.655932;0.536806
26/06/2024 13:50;;26.9474748;22.7019588;0.5621074
26/06/2024 13:55;;25.6840704;22.6735276;0.5540204
26/06/2024 14:00;;25.72067;22.742428;0.551916
26/06/2024 14:15;;25.462858;22.7101005;0.54699925
26/06/2024 14:20;;25.868514;22.7255324;0.5456216
26/06/2024 14:25;;25.171072;22.7016652;0.5784898
26/06/2024 14:30;;25.223432;22.734604;0.541313
26/06/2024 14:45;;24.891783;22.7447;0.5633925
26/06/2024 14:50;;24.808352;22.716624;0.555826
26/06/2024 14:55;;25.4219796;22.786838;0.5327368
26/06/2024 15:00;;25.099366;22.755948;0.536516
26/06/2024 15:15;;25.5291115;22.8074675;0.538856
26/06/2024 15:20;;25.3374044;22.785276;0.5540802
26/06/2024 15:25;;26.4326524;22.8351776;0.539438
26/06/2024 15:30;;25.089448;22.818814;0.515368
26/06/2024 15:45;;27.0697865;22.9096135;0.52411025
26/06/2024 15:50;;27.3999252;22.94361;0.5167896
26/06/2024 15:55;;29.2348188;22.9649136;0.5348482
26/06/2024 16:00;;29.928966;22.980316;0.5312
26/06/2024 16:15;;28.817478;23.0670625;0.52729875
26/06/2024 16:20;;28.6943716;23.06544;0.5222566
26/06/2024 16:25;;29.2683352;23.088946;0.5336338
26/06/2024 16:30;;29.039262;23.167242;0.530123
26/06/2024 16:45;;28.40183;23.1518395;0.52309
26/06/2024 16:50;;28.6627804;23.2010988;0.5374372
26/06/2024 16:55;;28.6319204;23.2446232;0.5197444
26/06/2024 17:00;;28.233498;23.221064;0.531957
26/06/2024 17:15;;26.5788945;23.335416;0.5302285
26/06/2024 17:20;;26.825686;23.3715868;0.5308046
26/06/2024 17:25;;26.470856;23.4043716;0.5247668
26/06/2024 17:30;;26.297398;23.31061;0.530668
26/06/2024 17:45;;25.852633;23.3988185;0.53322225
26/06/2024 17:50;;26.6824128;23.4301536;0.5219906
26/06/2024 17:55;;26.343846;23.4625876;0.5324982
26/06/2024 18:00;;26.31112;23.401166;0.541494
26/06/2024 18:15;;26.993331;23.52703;0.531309
26/06/2024 18:20;;27.1737772;23.5191048;0.5186876
26/06/2024 18:25;;26.6370296;23.5684364;0.5230458
26/06/2024 18:30;;26.491074;23.634952;0.548475
26/06/2024 18:45;;25.743823;23.7030325;0.526168
26/06/2024 18:50;;25.875116;23.7351964;0.5313664
26/06/2024 18:55;;25.433228;23.724732;0.5274622
26/06/2024 19:00;;25.420146;23.782566;0.539704
26/06/2024 19:15;;24.6761945;23.8361145;0.52665475
26/06/2024 19:20;;24.436684;23.8242044;0.525096
26/06/2024 19:25;;24.4617264;23.8140864;0.528783
26/06/2024 19:30;;24.51052;23.85175;0.528623
26/06/2024 19:45;;23.368411;23.787021;0.5273115
26/06/2024 19:50;;23.02575;23.7414148;0.5337292
26/06/2024 19:55;;22.6975176;23.7145228;0.516074
26/06/2024 20:00;;22.656998;23.702152;0.554388
26/06/2024 20:15;;21.9874935;23.490502;0.5194845
26/06/2024 20:20;;21.89977;23.4237812;0.5284358
26/06/2024 20:25;;21.8672308;23.3817184;0.519992
26/06/2024 20:30;;21.882598;23.35052;0.5166
26/06/2024 20:45;;21.5981795;23.1768055;0.51740875
26/06/2024 20:50;;21.581768;23.1350872;0.5368146
26/06/2024 20:55;;21.426156;23.0380504;0.54707
26/06/2024 21:00;;21.365634;23.04531;0.524693
26/06/2024 21:15;;21.163143;22.8635755;0.51679425
26/06/2024 21:20;;21.0574764;22.8587088;0.527634
26/06/2024 21:25;;20.914762;22.7755308;0.5255414
26/06/2024 21:30;;20.841026;22.76059;0.536774
26/06/2024 21:45;;20.6205655;22.6114405;0.5337165
26/06/2024 21:50;;20.5871932;22.5528692;0.536288
26/06/2024 21:55;;20.5551708;22.5341752;0.5295516
26/06/2024 22:00;;20.486468;22.558556;0.537769
26/06/2024 22:15;;20.444993;22.350429;0.5281635
26/06/2024 22:20;;20.4085316;22.3429108;0.5167462
26/06/2024 22:25;;20.3578632;22.2958592;0.5375982
26/06/2024 22:30;;20.33189;22.280692;0.567957
26/06/2024 22:45;;20.3119095;22.1812285;0.527554
26/06/2024 22:50;;20.2731804;22.1819976;0.529175
26/06/2024 22:55;;20.2234956;22.1343956;0.5303434
26/06/2024 23:00;;20.092258;22.11597;0.566728
26/06/2024 23:15;;19.9694455;22.016312;0.53310325
26/06/2024 23:20;;19.8551912;22.012482;0.542469
26/06/2024 23:25;;19.8892496;22.0008412;0.5300396
26/06/2024 23:30;;19.714134;21.908466;0.538474
26/06/2024 23:45;;19.6427495;21.9324425;0.53265625
26/06/2024 23:50;;19.5898536;21.8658916;0.5386356
26/06/2024 23:55;;19.5892392;21.8656728;0.52568
27/06/2024 00:00;;19.512292;21.853056;0.552274
27/06/2024 00:15;;19.4350725;21.7815105;0.5385325
27/06/2024 00:20;;19.3730264;21.745672;0.5386192
27/06/2024 00:25;;19.3608732;21.7467248;0.534422
27/06/2024 00:30;;19.258678;21.715446;0.537302
27/06/2024 00:45;;19.1847285;21.68648;0.54346025
27/06/2024 00:50;;19.2047964;21.6713824;0.5213406
27/06/2024 00:55;;19.1208076;21.6233032;0.5472922
27/06/2024 01:00;;19.29118;21.625686;0.55205
27/06/2024 01:15;;18.927588;21.6104955;0.53891875
27/06/2024 01:20;;18.8704164;21.6034128;0.540279
27/06/2024 01:25;;18.8639996;21.5639148;0.5391096
27/06/2024 01:30;;18.840522;21.562596;0.505584
27/06/2024 01:45;;18.7133755;21.5483945;0.5361935
27/06/2024 01:50;;18.7469044;21.5082136;0.5465044
27/06/2024 01:55;;18.7239712;21.5344956;0.546543
27/06/2024 02:00;;18.634868;21.44151;0.555143
27/06/2024 02:15;;18.504496;21.500851;0.53785625
27/06/2024 02:20;;18.5761788;21.4639476;0.5383012
27/06/2024 02:25;;18.4287088;21.4599412;0.5498606
27/06/2024 02:30;;18.482696;21.511666;0.562749
27/06/2024 02:45;;18.449858;21.4689195;0.54757725
27/06/2024 02:50;;18.4796176;21.4495756;0.5475562
27/06/2024 02:55;;18.4829716;21.4435576;0.5463054
27/06/2024 03:00;;18.358078;21.472156;0.535248
27/06/2024 03:15;;18.18756;21.4558645;0.542666
27/06/2024 03:20;;18.054714;21.4262872;0.5551532
27/06/2024 03:25;;18.0033904;21.3243752;0.5431172
27/06/2024 03:30;;17.994936;21.37984;0.553098
27/06/2024 03:45;;17.640195;21.404181;0.5460285
27/06/2024 03:50;;17.7119104;21.3502204;0.5507738
27/06/2024 03:55;;17.6493044;21.3161096;0.5468482
27/06/2024 04:00;;17.524678;21.253944;0.554204
27/06/2024 04:15;;17.718658;21.3060755;0.551619
27/06/2024 04:20;;17.676472;21.2866456;0.5350178
27/06/2024 04:25;;17.5451768;21.2665428;0.5502252
27/06/2024 04:30;;17.402542;21.318224;0.551165
27/06/2024 04:45;;17.429716;21.2196515;0.5512655
27/06/2024 04:50;;17.390966;21.2418968;0.5350542
27/06/2024 04:55;;17.2736548;21.2609392;0.5437272
27/06/2024 05:00;;17.511878;21.202022;0.568992
27/06/2024 05:15;;17.669718;21.233113;0.55649225
27/06/2024 05:20;;17.7106328;21.208546;0.5446982
27/06/2024 05:25;;17.8135268;21.2405296;0.5452306
27/06/2024 05:30;;17.804012;21.18154;0.569755
27/06/2024 05:45;;18.0568885;21.173959;0.55246025
27/06/2024 05:50;;18.1501892;21.2259548;0.549766
27/06/2024 05:55;;18.1927196;21.2055484;0.5357768
27/06/2024 06:00;;18.209802;21.301326;0.565186
27/06/2024 06:15;;18.4518455;21.210127;0.57068425
27/06/2024 06:20;;18.5781156;21.2266976;0.548362
27/06/2024 06:25;;18.5791492;21.2104768;0.5658122
27/06/2024 06:30;;18.429108;21.248966;0.575604
27/06/2024 06:45;;19.246471;21.143588;0.5518585
27/06/2024 06:50;;19.3283364;21.2210856;0.5515388
27/06/2024 06:55;;19.4878412;21.1977744;0.558614
27/06/2024 07:00;;19.579422;21.170898;0.568172
27/06/2024 07:15;;21.154045;21.265542;0.5489445
27/06/2024 07:20;;22.1926476;21.271672;0.548996
27/06/2024 07:25;;22.4842304;21.3127588;0.5470316
27/06/2024 07:30;;22.827642;21.396626;0.52374
27/06/2024 07:45;;23.835797;21.4358865;0.54503675
27/06/2024 07:50;;23.450742;21.4308716;0.5540858
27/06/2024 07:55;;24.1877284;21.418376;0.5332572
27/06/2024 08:00;;24.609216;21.44281;0.537227
27/06/2024 08:15;;24.246668;21.6633725;0.53770425
27/06/2024 08:20;;25.1186388;21.6659048;0.5405102
27/06/2024 08:25;;26.2069704;21.71246;0.529877
27/06/2024 08:30;;25.327248;21.708164;0.511667
27/06/2024 08:45;;25.185071;21.9278825;0.56318425
27/06/2024 08:50;;25.8060252;21.9235556;0.5390198
27/06/2024 08:55;;27.4980252;22.0437604;0.5253008
27/06/2024 09:00;;28.31408;21.983272;0.53142
27/06/2024 09:15;;26.5841605;22.185044;0.54502725
27/06/2024 09:20;;28.5654696;22.235852;0.5231208
27/06/2024 09:25;;26.4593248;22.263022;0.543601
27/06/2024 09:30;;25.690194;22.353816;0.552023
27/06/2024 09:45;;26.1959135;22.4336285;0.554436
27/06/2024 09:50;;26.9087556;22.4370372;0.5430628
27/06/2024 09:55;;27.1942732;22.4537176;0.5441258
27/06/2024 10:00;;28.708374;22.499882;0.522332
27/06/2024 10:15;;28.942802;22.753037;0.52067325
27/06/2024 10:20;;30.2311288;22.7484708;0.5248022
27/06/2024 10:25;;30.1955748;22.8169284;0.515958
27/06/2024 10:30;;31.18016;22.867828;0.496795
27/06/2024 10:45;;26.94231;22.356095;0.52578675
27/06/2024 10:50;;27.2548892;22.6116012;0.551231
27/06/2024 10:55;;31.8821892;22.966428;0.5187358
27/06/2024 11:00;;31.675344;23.082838;0.523447
27/06/2024 11:15;;28.4671775;22.445904;0.53998775
27/06/2024 11:20;;30.243636;22.5723768;0.507038
27/06/2024 11:25;;30.4860728;23.1274812;0.5448912
27/06/2024 11:30;;29.94616;23.189716;0.521864
27/06/2024 11:45;;30.186003;23.4191665;0.524208
27/06/2024 11:50;;30.5574036;23.4919092;0.5089048
27/06/2024 11:55;;32.6861196;23.5848944;0.498933
27/06/2024 12:00;;33.081284;23.706066;0.512429
27/06/2024 12:15;;31.991239;23.97011;0.4988395
27/06/2024 12:20;;31.4916704;24.068928;0.5379142
27/06/2024 12:25;;30.021882;24.0730712;0.5624294
27/06/2024 12:30;;31.091008;24.049536;0.535219
27/06/2024 12:45;;31.537575;24.590469;0.538344
27/06/2024 12:50;;31.0238544;24.7094008;0.5446388
27/06/2024 12:55;;31.7440748;24.827052;0.5139892
27/06/2024 13:00;;34.352644;24.976002;0.471232
27/06/2024 13:15;;32.541081;25.4306535;0.5121265
27/06/2024 13:20;;32.1293308;25.6563952;0.5114052
27/06/2024 13:25;;31.04129;25.8100924;0.5288278
27/06/2024 13:30;;31.505124;25.912454;0.53952
27/06/2024 13:45;;32.05531;26.479602;0.51972075
27/06/2024 13:50;;32.975356;26.745688;0.5072104
27/06/2024 13:55;;32.895332;26.9859556;0.5035448
27/06/2024 14:00;;32.142646;27.124156;0.535303
27/06/2024 14:15;;31.2067595;27.817158;0.546714
27/06/2024 14:20;;31.6189328;27.9428332;0.5267298
27/06/2024 14:25;;32.1336352;28.0648204;0.5111226
27/06/2024 14:30;;33.174176;28.190436;0.498122
27/06/2024 14:45;;30.1141165;27.7593565;0.5440315
27/06/2024 14:50;;31.9406416;27.9983688;0.4957888
27/06/2024 14:55;;29.721938;28.0188704;0.5814294
27/06/2024 15:00;;30.984482;28.338264;0.522134
27/06/2024 15:15;;32.9947545;29.001942;0.48720425
27/06/2024 15:20;;30.5898232;29.0336684;0.5498932
27/06/2024 15:25;;30.4308664;29.0859588;0.547493
27/06/2024 15:30;;31.771038;29.184756;0.521553
27/06/2024 15:45;;31.5621105;29.365936;0.512474
27/06/2024 15:50;;33.0876168;29.4322288;0.49557
27/06/2024 15:55;;31.6895196;29.4696336;0.5777518
27/06/2024 16:00;;31.649368;29.519256;0.548413
27/06/2024 16:15;;31.451541;29.6770335;0.57390225
27/06/2024 16:20;;32.8938368;29.7596288;0.5346874
27/06/2024 16:25;;31.8221824;29.7974184;0.5467832
27/06/2024 16:30;;31.263408;29.855774;0.564783
27/06/2024 16:45;;31.7364885;29.7400865;0.525987
27/06/2024 16:50;;31.1658508;29.61925;0.5434332
27/06/2024 16:55;;31.1953144;29.1753564;0.5491326
27/06/2024 17:00;;32.02634;30.657918;0.527164
27/06/2024 17:15;;30.7453255;29.621831;0.5297155
27/06/2024 17:20;;29.954564;29.5920996;0.5574626
27/06/2024 17:25;;29.9079196;29.6178976;0.5420642
27/06/2024 17:30;;30.547192;30.282188;0.517315
27/06/2024 17:45;;29.4001485;29.0539845;0.525131
27/06/2024 17:50;;29.2158848;29.7979864;0.6400542
27/06/2024 17:55;;29.592518;29.8076512;0.5796746
27/06/2024 18:00;;29.563832;29.847;0.608682
27/06/2024 18:15;;29.8743975;29.8242455;0.5735725
27/06/2024 18:20;;30.310712;29.7729476;0.5628444
27/06/2024 18:25;;30.2985832;29.708464;0.5667354
27/06/2024 18:30;;30.796676;29.647088;0.564016
27/06/2024 18:45;;29.594093;29.585136;0.5544315
27/06/2024 18:50;;29.140602;29.4936616;0.5666932
27/06/2024 18:55;;29.3691592;29.42548;0.556708
27/06/2024 19:00;;29.277618;29.447486;0.56841
27/06/2024 19:15;;28.3361255;29.224348;0.5642275
27/06/2024 19:20;;28.2286036;29.1551352;0.5727474
27/06/2024 19:25;;27.9765748;29.142932;0.574445
27/06/2024 19:30;;27.96221;29.094704;0.575191
27/06/2024 19:45;;27.5012365;28.7940405;0.57676525
27/06/2024 19:50;;27.3551172;28.6916916;0.5748782
27/06/2024 19:55;;27.1039228;28.5943548;0.5701364
27/06/2024 20:00;;27.054982;28.500198;0.573787
27/06/2024 20:15;;26.6333205;28.252214;0.54585975
27/06/2024 20:20;;26.4098432;28.1641916;0.562515
27/06/2024 20:25;;26.3703304;28.043114;0.5641036
27/06/2024 20:30;;26.313668;27.954288;0.5628
27/06/2024 20:45;;26.0473625;27.562462;0.56089025
27/06/2024 20:50;;26.1512868;27.4928396;0.5633002
27/06/2024 20:55;;26.1682212;27.4287256;0.5725026
27/06/2024 21:00;;26.04395;27.368228;0.5731
27/06/2024 21:15;;25.196934;26.979734;0.57683675
27/06/2024 21:20;;25.051114;26.9129656;0.5655042
27/06/2024 21:25;;24.9453596;26.7943764;0.5729052
27/06/2024 21:30;;24.93795;26.68578;0.563167
27/06/2024 21:45;;24.8236975;26.409463;0.58334425
27/06/2024 21:50;;24.7511852;26.3012828;0.5818364
27/06/2024 21:55;;24.59837;26.149464;0.5777702
27/06/2024 22:00;;24.325394;26.137572;0.570893
27/06/2024 22:15;;24.30828;25.848906;0.57330725
27/06/2024 22:20;;24.3839368;25.7484092;0.583566
27/06/2024 22:25;;24.2167676;25.6685272;0.575303
27/06/2024 22:30;;24.228996;25.663464;0.589138
27/06/2024 22:45;;23.711503;25.2982005;0.58348925
27/06/2024 22:50;;23.664876;25.2102468;0.5794928
27/06/2024 22:55;;23.5410428;25.125224;0.5724068
27/06/2024 23:00;;23.390778;24.995572;0.570002
27/06/2024 23:15;;23.305383;24.7626415;0.5706345
27/06/2024 23:20;;23.2600084;24.6978872;0.5664734
27/06/2024 23:25;;23.2179252;24.6049668;0.5654546
27/06/2024 23:30;;23.220218;24.58846;0.554681
27/06/2024 23:45;;22.7799625;24.301799;0.574593
27/06/2024 23:50;;22.7734532;24.2442772;0.5733046
27/06/2024 23:55;;22.680064;24.168858;0.564872
