Timestamp;HEX1_Ta_inlet (degC (Ave));HEX1_Ta_outlet (degC (Ave));HEX1_v_outlet (m/s)
21/05/2024 00:00;13.136632;18.781338;0.731109
21/05/2024 00:15;13.2683665;18.698902;0.76576775
21/05/2024 00:20;13.2705608;18.676916;0.7522838
21/05/2024 00:25;13.3061604;18.6605772;0.7700066
21/05/2024 00:30;13.353772;18.699976;0.765102
21/05/2024 00:45;13.261258;18.536904;0.76592575
21/05/2024 00:50;13.2508492;18.49977;0.771101
21/05/2024 00:55;13.6309396;18.4986612;0.7622032
21/05/2024 01:00;13.991462;18.50394;0.762455
21/05/2024 01:15;14.0432625;18.3362625;0.76255425
21/05/2024 01:20;14.0365128;18.2992696;0.7606118
21/05/2024 01:25;14.0638412;18.2990268;0.7660568
21/05/2024 01:30;14.147794;18.236424;0.768041
21/05/2024 01:45;14.0398055;18.218368;0.7484525
21/05/2024 01:50;14.0182376;18.178516;0.7641178
21/05/2024 01:55;13.9678728;18.1834024;0.76084
21/05/2024 02:00;13.821458;18.15109;0.777393
21/05/2024 02:15;13.8373375;18.0092265;0.7633695
21/05/2024 02:20;13.7957648;18.0328156;0.7586066
21/05/2024 02:25;13.7324076;17.9378184;0.7560338
21/05/2024 02:30;13.712816;18.020252;0.75194
21/05/2024 02:45;13.6680305;17.886651;0.765279
21/05/2024 02:50;13.6729712;17.8681096;0.758809
21/05/2024 02:55;13.658316;17.8685436;0.76649
21/05/2024 03:00;13.683832;17.78469;0.758814
21/05/2024 03:15;13.708793;17.756199;0.76349275
21/05/2024 03:20;13.6798972;17.7839296;0.7666816
21/05/2024 03:25;13.6598404;17.7680892;0.7605454
21/05/2024 03:30;13.617462;17.67049;0.752122
21/05/2024 03:45;13.5576525;17.65301;0.75775875
21/05/2024 03:50;13.5479332;17.6589476;0.7666818
21/05/2024 03:55;13.5106904;17.6032236;0.7596404
21/05/2024 04:00;13.484516;17.590752;0.752461
21/05/2024 04:15;13.4056015;17.5178815;0.7544065
21/05/2024 04:20;13.4382284;17.5228712;0.7598974
21/05/2024 04:25;13.386018;17.4785408;0.7565574
21/05/2024 04:30;13.344598;17.367384;0.771277
21/05/2024 04:45;13.335802;17.3889445;0.760889
21/05/2024 04:50;13.3358196;17.4041956;0.7622306
21/05/2024 04:55;13.3432724;17.3520768;0.7645894
21/05/2024 05:00;13.33545;17.29738;0.728751
21/05/2024 05:15;13.344496;17.2732745;0.73942575
21/05/2024 05:20;13.4018452;17.2850336;0.7608336
21/05/2024 05:25;13.4336964;17.2392636;0.7739024
21/05/2024 05:30;13.431478;17.250518;0.766455
21/05/2024 05:45;13.543114;17.2041985;0.72907775
21/05/2024 05:50;13.5715844;17.2067644;0.7716072
21/05/2024 05:55;13.6371648;17.2106964;0.7496766
21/05/2024 06:00;13.620942;17.108604;0.753642
21/05/2024 06:15;13.720533;17.137286;0.76142
21/05/2024 06:20;13.7895516;17.1424996;0.7595602
21/05/2024 06:25;13.7902432;17.1466552;0.754494
21/05/2024 06:30;13.711168;17.151688;0.761752
21/05/2024 06:45;13.9432935;17.119991;0.740862
21/05/2024 06:50;13.9430232;17.1194212;0.766485
21/05/2024 06:55;14.1283184;17.1241496;0.7588452
21/05/2024 07:00;14.236684;17.099006;0.757404
21/05/2024 07:15;16.1912185;17.1289175;0.76634
21/05/2024 07:20;16.7341176;17.1203168;0.7568576
21/05/2024 07:25;17.489444;17.1238488;0.7585874
21/05/2024 07:30;17.737872;17.238876;0.750118
21/05/2024 07:45;17.6389295;17.377247;0.7474505
21/05/2024 07:50;17.9683508;17.3803444;0.759581
21/05/2024 07:55;17.960084;17.2849472;0.763308
21/05/2024 08:00;17.711806;17.32508;0.762286
21/05/2024 08:15;17.9208155;17.5951255;0.7607015
21/05/2024 08:20;18.5748752;17.6091812;0.7561524
21/05/2024 08:25;18.6382868;17.6851592;0.759654
21/05/2024 08:30;17.82095;17.740162;0.751411
21/05/2024 08:45;19.8800685;17.981587;0.73182375
21/05/2024 08:50;19.8679712;18.0813564;0.749522
21/05/2024 08:55;19.3247388;18.1319104;0.7494018
21/05/2024 09:00;19.870378;18.184768;0.759226
21/05/2024 09:15;20.9248105;18.572105;0.73575875
21/05/2024 09:20;21.1165996;18.6478216;0.7337314
21/05/2024 09:25;20.588968;18.7636708;0.751148
21/05/2024 09:30;20.647422;18.8708;0.715319
21/05/2024 09:45;22.193862;19.2131675;0.70367675
21/05/2024 09:50;21.4202968;19.3206308;0.728567
21/05/2024 09:55;20.961294;19.3949896;0.7380056
21/05/2024 10:00;20.020736;19.38761;0.759084
21/05/2024 10:15;22.1977205;19.6774455;0.73505525
21/05/2024 10:20;23.3319784;19.7555856;0.7278332
21/05/2024 10:25;23.9965968;19.894486;0.7190622
21/05/2024 10:30;24.96147;19.938878;0.701962
21/05/2024 10:45;20.9279405;20.224598;0.74645725
21/05/2024 10:50;21.2767124;20.2898872;0.7315628
21/05/2024 10:55;24.2945388;20.3529084;0.7335124
21/05/2024 11:00;21.131298;20.305732;0.786481
21/05/2024 11:15;20.6443005;20.6272655;0.731928
21/05/2024 11:20;21.4256932;20.6806784;0.7280884
21/05/2024 11:25;21.4128924;20.730116;0.7355334
21/05/2024 11:30;20.049774;20.711072;0.727545
21/05/2024 11:45;23.1873875;20.918302;0.7173125
21/05/2024 11:50;23.4402604;20.9780096;0.7295356
21/05/2024 11:55;21.7887784;21.0086808;0.7354728
21/05/2024 12:00;26.00432;21.073532;0.71051
21/05/2024 12:15;24.5420295;21.332612;0.70331775
21/05/2024 12:20;24.6811768;21.3997308;0.6981118
21/05/2024 12:25;23.1593424;21.3982716;0.7163648
21/05/2024 12:30;23.332912;21.466316;0.708521
21/05/2024 12:45;24.8217935;21.445429;0.72756375
21/05/2024 12:50;21.6716088;21.4899612;0.7239432
21/05/2024 12:55;23.0415664;21.5326136;0.7298366
21/05/2024 13:00;21.896242;21.525978;0.760873
21/05/2024 13:15;22.515566;21.572568;0.719084
21/05/2024 13:20;22.2903592;21.6351216;0.7319264
21/05/2024 13:25;23.2976832;21.63974;0.7457332
21/05/2024 13:30;23.339782;21.619534;0.76387
21/05/2024 13:45;24.7209935;21.7937025;0.72903375
21/05/2024 13:50;24.2199076;21.8011604;0.7194714
21/05/2024 13:55;24.760608;21.9082384;0.7098762
21/05/2024 14:00;24.739594;21.89765;0.731067
21/05/2024 14:15;25.234502;22.0031945;0.71435275
21/05/2024 14:20;24.3753784;21.966398;0.734288
21/05/2024 14:25;25.2132492;22.0722152;0.7184098
21/05/2024 14:30;24.100662;22.052136;0.738026
21/05/2024 14:45;26.9189555;22.170022;0.71387475
21/05/2024 14:50;25.9998164;22.1556864;0.7028636
21/05/2024 14:55;25.7204436;22.1982808;0.7103114
21/05/2024 15:00;24.83271;22.198944;0.748478
21/05/2024 15:15;25.4201435;22.2802315;0.71978525
21/05/2024 15:20;24.9501972;22.2848468;0.7159366
21/05/2024 15:25;25.3815936;22.3076292;0.7190926
21/05/2024 15:30;24.163024;22.327136;0.694803
21/05/2024 15:45;23.719547;22.3090635;0.73892625
21/05/2024 15:50;24.8174784;22.3343812;0.7396928
21/05/2024 15:55;25.4633924;22.3263416;0.7428574
21/05/2024 16:00;26.666518;22.366236;0.711472
21/05/2024 16:15;22.918559;22.373821;0.75093075
21/05/2024 16:20;23.2486256;22.4658376;0.7394986
21/05/2024 16:25;23.4577616;22.44217;0.7348638
21/05/2024 16:30;24.094486;22.42715;0.742078
21/05/2024 16:45;23.0386915;22.3670745;0.74085875
21/05/2024 16:50;22.6712096;22.3870668;0.7521324
21/05/2024 16:55;22.9500132;22.3928376;0.7422016
21/05/2024 17:00;23.490264;22.440946;0.739607
21/05/2024 17:15;22.1448575;22.485534;0.7409015
21/05/2024 17:20;21.736794;22.4770968;0.7403178
21/05/2024 17:25;21.2585632;22.39055;0.7482588
21/05/2024 17:30;20.926652;22.50002;0.794333
21/05/2024 17:45;18.6232885;22.2949345;0.74562225
21/05/2024 17:50;18.6754056;22.29303;0.7422964
21/05/2024 17:55;18.2626316;22.30482;0.702375
21/05/2024 18:00;18.05959;22.350476;0.712519
21/05/2024 18:15;18.1435775;22.3073225;0.728352
21/05/2024 18:20;17.9532784;22.278652;0.7132818
21/05/2024 18:25;17.8913232;22.2475952;0.747276
21/05/2024 18:30;17.764046;22.183734;0.735969
21/05/2024 18:45;17.7116375;22.1592215;0.70954025
21/05/2024 18:50;17.6757992;22.1538632;0.747305
21/05/2024 18:55;17.5674888;22.1142684;0.7435024
21/05/2024 19:00;17.994046;22.109786;0.755585
21/05/2024 19:15;18.717215;21.9505425;0.7509075
21/05/2024 19:20;18.7231944;21.9918876;0.7424758
21/05/2024 19:25;18.8300556;21.9932836;0.7289716
21/05/2024 19:30;18.831626;21.96954;0.727059
21/05/2024 19:45;18.1417015;21.9608705;0.7133205
21/05/2024 19:50;17.6579324;21.929256;0.7185746
21/05/2024 19:55;17.870648;21.9200512;0.7432006
21/05/2024 20:00;17.921288;21.862664;0.762537
21/05/2024 20:15;17.5973895;21.8911185;0.737577
21/05/2024 20:20;17.631858;21.8501948;0.740444
21/05/2024 20:25;17.8182812;21.8262484;0.7526056
21/05/2024 20:30;17.779702;21.858184;0.753901
21/05/2024 20:45;17.9809575;21.8273965;0.745159
21/05/2024 20:50;17.8547084;21.7931636;0.7448156
21/05/2024 20:55;17.631292;21.7908312;0.7411886
21/05/2024 21:00;17.532254;21.818292;0.737225
21/05/2024 21:15;17.147893;21.729175;0.74816025
21/05/2024 21:20;17.0989048;21.6909832;0.7357838
21/05/2024 21:25;17.0537536;21.7281896;0.7484394
21/05/2024 21:30;17.114304;21.653132;0.726553
21/05/2024 21:45;16.839757;21.6994725;0.73924875
21/05/2024 21:50;16.9229836;21.6222728;0.7172042
21/05/2024 21:55;16.7753644;21.6529324;0.7360618
21/05/2024 22:00;16.601094;21.708918;0.737538
21/05/2024 22:15;16.4518035;21.589662;0.71519125
21/05/2024 22:20;16.4355508;21.5033556;0.7103808
21/05/2024 22:25;16.3268744;21.5553964;0.732625
21/05/2024 22:30;16.288874;21.532096;0.725144
21/05/2024 22:45;16.2169415;21.469671;0.73304675
21/05/2024 22:50;16.1752624;21.4514688;0.7417214
21/05/2024 22:55;16.2787492;21.4218476;0.746437
21/05/2024 23:00;16.269712;21.374978;0.763477
21/05/2024 23:15;16.1373005;21.3143895;0.74772175
21/05/2024 23:20;16.0730688;21.2911728;0.7477708
21/05/2024 23:25;15.827792;21.3170364;0.7575152
21/05/2024 23:30;15.986948;21.348214;0.758594
21/05/2024 23:45;16.294312;21.2334325;0.7568775
21/05/2024 23:50;16.2962812;21.2198464;0.7548196
21/05/2024 23:55;16.231438;21.2305776;0.7609134
22/05/2024 00:00;15.971882;21.158298;0.744092
22/05/2024 00:15;15.7258555;21.169984;0.7436815
22/05/2024 00:20;15.6654096;21.1665348;0.7401734
22/05/2024 00:25;15.4804312;21.144454;0.7399424
22/05/2024 00:30;15.546474;21.169774;0.735844
22/05/2024 00:45;15.5601395;21.0191525;0.73173475
22/05/2024 00:50;15.6126196;21.0259948;0.732496
22/05/2024 00:55;15.4998052;20.9860724;0.7257932
22/05/2024 01:00;15.46061;20.943902;0.733674
22/05/2024 01:15;14.995561;20.8692895;0.73431475
22/05/2024 01:20;14.8679608;20.8299408;0.7493474
22/05/2024 01:25;15.0376116;20.8234748;0.7456404
22/05/2024 01:30;15.038872;20.76949;0.730235
22/05/2024 01:45;15.1465405;20.725101;0.724475
22/05/2024 01:50;15.1493652;20.6584764;0.7468996
22/05/2024 01:55;15.2930948;20.6447172;0.7474174
22/05/2024 02:00;15.166174;20.726758;0.743537
22/05/2024 02:15;15.084366;20.511514;0.74207125
22/05/2024 02:20;15.0255996;20.564462;0.7369506
22/05/2024 02:25;14.9596756;20.5618408;0.7320832
22/05/2024 02:30;14.86958;20.558258;0.696593
22/05/2024 02:45;14.586677;20.393387;0.7377095
22/05/2024 02:50;14.5406068;20.3916144;0.7424624
22/05/2024 02:55;14.4844604;20.3932132;0.735969
22/05/2024 03:00;14.43761;20.252734;0.737769
22/05/2024 03:15;14.508126;20.177297;0.74414875
22/05/2024 03:20;14.4127904;20.1425284;0.7385476
22/05/2024 03:25;14.3577412;20.10329;0.7476274
22/05/2024 03:30;14.266434;20.150302;0.747965
22/05/2024 03:45;14.5752995;19.977143;0.75222625
22/05/2024 03:50;14.4635064;19.8951628;0.7439316
22/05/2024 03:55;14.3666148;19.8593496;0.746902
22/05/2024 04:00;14.50664;19.834354;0.752954
22/05/2024 04:15;14.407632;19.6811685;0.75235775
22/05/2024 04:20;14.2060836;19.6323664;0.7591572
22/05/2024 04:25;14.0888588;19.577036;0.7480858
22/05/2024 04:30;14.147726;19.450748;0.752311
22/05/2024 04:45;13.9620325;19.458499;0.75226975
22/05/2024 04:50;14.081398;19.4576856;0.7648318
22/05/2024 04:55;13.92636;19.360232;0.7519608
22/05/2024 05:00;13.941374;19.328244;0.763186
22/05/2024 05:15;14.01767;19.0900905;0.75464775
22/05/2024 05:20;14.0620908;19.0717444;0.7580586
22/05/2024 05:25;14.0359572;19.0164856;0.7605998
22/05/2024 05:30;14.06196;19.07077;0.73948
22/05/2024 05:45;14.1110875;18.8788375;0.756091
22/05/2024 05:50;14.1305992;18.8808732;0.7618604
22/05/2024 05:55;14.1573928;18.8255568;0.762422
22/05/2024 06:00;14.210684;18.702914;0.751254
22/05/2024 06:15;14.409054;18.611171;0.759395
22/05/2024 06:20;14.5486696;18.5237068;0.7660764
22/05/2024 06:25;14.6791996;18.5494244;0.7561554
22/05/2024 06:30;14.825844;18.533978;0.757509
22/05/2024 06:45;15.418623;18.5532165;0.75181175
22/05/2024 06:50;15.5230992;18.5030656;0.7544544
22/05/2024 06:55;15.7685564;18.5172608;0.7683636
22/05/2024 07:00;15.863264;18.501188;0.759449
22/05/2024 07:15;17.417991;18.4661365;0.764857
22/05/2024 07:20;17.5750952;18.483292;0.7494486
22/05/2024 07:25;17.9193004;18.546472;0.7467472
22/05/2024 07:30;18.013774;18.525898;0.758276
22/05/2024 07:45;18.1574045;18.6139265;0.760989
22/05/2024 07:50;18.5216836;18.6079036;0.7543182
22/05/2024 07:55;19.7444564;18.6207128;0.7241598
22/05/2024 08:00;19.40309;18.68645;0.750871
22/05/2024 08:15;19.6615185;18.8126975;0.755485
22/05/2024 08:20;19.4782744;18.8912708;0.746224
22/05/2024 08:25;20.0136992;18.9529432;0.7431194
22/05/2024 08:30;20.148818;19.00159;0.731255
22/05/2024 08:45;20.4532385;19.1840105;0.7446525
22/05/2024 08:50;20.2806736;19.09641;0.7414486
22/05/2024 08:55;21.4725472;19.212124;0.7375726
22/05/2024 09:00;20.910182;19.203956;0.755627
22/05/2024 09:15;21.7430795;19.566236;0.75103275
22/05/2024 09:20;22.4783684;19.6469964;0.7293404
22/05/2024 09:25;22.325576;19.7043656;0.7479876
22/05/2024 09:30;22.258778;19.773018;0.734017
22/05/2024 09:45;22.982308;20.06769;0.7300355
22/05/2024 09:50;24.3247856;20.145812;0.71256
22/05/2024 09:55;24.12744;20.188906;0.7248386
22/05/2024 10:00;22.34832;20.198682;0.746754
22/05/2024 10:15;23.552351;20.526936;0.738488
22/05/2024 10:20;23.2791088;20.590726;0.7270442
22/05/2024 10:25;22.8251876;20.6582004;0.7225578
22/05/2024 10:30;23.237208;20.76675;0.728789
22/05/2024 10:45;24.123971;21.0173175;0.710452
22/05/2024 10:50;24.6148084;21.1042172;0.7064788
22/05/2024 10:55;24.1421992;21.0402876;0.7153902
22/05/2024 11:00;22.843682;21.050332;0.688289
22/05/2024 11:15;24.5859945;21.343666;0.72331525
22/05/2024 11:20;26.2922308;21.4718692;0.699372
22/05/2024 11:25;25.9590828;21.4727904;0.7040028
22/05/2024 11:30;23.680574;21.54073;0.70223
22/05/2024 11:45;24.870207;21.7295835;0.7319645
22/05/2024 11:50;25.5427532;21.8048036;0.6987082
22/05/2024 11:55;23.5415392;21.8696772;0.7024808
22/05/2024 12:00;23.625354;21.90495;0.721963
22/05/2024 12:15;23.5325585;22.0532335;0.72907275
22/05/2024 12:20;23.6467892;22.052592;0.7209786
22/05/2024 12:25;22.9393084;22.0741556;0.7339802
22/05/2024 12:30;23.179262;22.087246;0.72091
22/05/2024 12:45;23.9485115;22.1134355;0.70922725
22/05/2024 12:50;23.5662972;22.1629036;0.720411
22/05/2024 12:55;23.4262288;22.1712912;0.7374074
22/05/2024 13:00;22.746912;22.115646;0.742738
22/05/2024 13:15;23.567494;22.2070235;0.7168245
22/05/2024 13:20;22.4520372;22.2592672;0.6956428
22/05/2024 13:25;22.232636;22.2039044;0.7074798
22/05/2024 13:30;22.340676;22.254148;0.670122
22/05/2024 13:45;22.617248;22.174869;0.677839
22/05/2024 13:50;22.6387116;22.2513064;0.6880112
22/05/2024 13:55;22.4039244;22.231798;0.6984888
22/05/2024 14:00;22.320948;22.27955;0.713179
22/05/2024 14:15;22.998819;22.397662;0.683679
22/05/2024 14:20;21.8431868;22.350272;0.6874826
22/05/2024 14:25;21.3913132;22.3086628;0.6936678
22/05/2024 14:30;21.245594;22.291138;0.727172
22/05/2024 14:45;18.995188;22.2159345;0.7251755
22/05/2024 14:50;18.7313636;22.091006;0.7489464
22/05/2024 14:55;15.9352908;22.1220856;0.79159
22/05/2024 15:00;14.63989;22.028842;0.771733
22/05/2024 15:15;14.0725675;22.054906;0.7105445
22/05/2024 15:20;13.3643584;22.0360548;0.7434378
22/05/2024 15:25;13.1433152;21.991528;0.7333466
22/05/2024 15:30;13.319176;22.002282;0.758719
22/05/2024 15:45;14.0490645;21.921126;0.7572375
22/05/2024 15:50;14.182346;21.9588924;0.7468994
22/05/2024 15:55;14.3444016;21.912246;0.7438542
22/05/2024 16:00;14.448958;21.814844;0.748627
22/05/2024 16:15;15.7874725;21.776348;0.70295025
22/05/2024 16:20;16.0761676;21.734078;0.7079144
22/05/2024 16:25;16.1993384;21.7831724;0.7339976
22/05/2024 16:30;16.327466;21.727138;0.763291
22/05/2024 16:45;16.7056215;21.6844155;0.73904025
22/05/2024 16:50;16.5053744;21.6321076;0.7379258
22/05/2024 16:55;16.435108;21.6171316;0.7209044
22/05/2024 17:00;16.420678;21.589308;0.695046
22/05/2024 17:15;16.778324;21.6505005;0.74262775
22/05/2024 17:20;16.8326004;21.6393096;0.7369672
22/05/2024 17:25;16.7444892;21.5944156;0.7314048
22/05/2024 17:30;16.85426;21.530158;0.74264
22/05/2024 17:45;17.588455;21.5083045;0.746539
22/05/2024 17:50;17.6208656;21.4712032;0.7184262
22/05/2024 17:55;17.6811768;21.5185388;0.7105892
22/05/2024 18:00;17.617028;21.479544;0.677238
22/05/2024 18:15;17.625842;21.518277;0.70301025
22/05/2024 18:20;18.0308884;21.467152;0.6882156
22/05/2024 18:25;18.4156404;21.4872256;0.6939418
22/05/2024 18:30;18.585576;21.476826;0.704535
22/05/2024 18:45;18.2775655;21.4694505;0.708951
22/05/2024 18:50;18.2735652;21.476636;0.719682
22/05/2024 18:55;18.3013944;21.4775916;0.7171978
22/05/2024 19:00;18.452282;21.450026;0.745096
22/05/2024 19:15;18.116411;21.448585;0.724918
22/05/2024 19:20;18.0305716;21.3991116;0.7120614
22/05/2024 19:25;17.9560124;21.3745764;0.7351684
22/05/2024 19:30;17.901364;21.366894;0.736583
22/05/2024 19:45;17.378302;21.3202415;0.72282725
22/05/2024 19:50;17.2274348;21.2946928;0.70149
22/05/2024 19:55;17.1371848;21.2816588;0.7193072
22/05/2024 20:00;17.143086;21.22091;0.713213
22/05/2024 20:15;16.97436;21.213416;0.70276925
22/05/2024 20:20;17.0354732;21.1889392;0.7062382
22/05/2024 20:25;17.0693384;21.1535732;0.717023
22/05/2024 20:30;17.021298;21.126368;0.71118
22/05/2024 20:45;16.011263;21.098804;0.72021825
22/05/2024 20:50;15.8802832;21.1976676;0.70887
22/05/2024 20:55;15.8695148;21.1723204;0.7137692
22/05/2024 21:00;15.854324;21.152324;0.693392
22/05/2024 21:15;15.4638205;20.992241;0.7083255
22/05/2024 21:20;15.5527076;20.973276;0.709956
22/05/2024 21:25;15.5571476;20.9534672;0.7029054
22/05/2024 21:30;15.521082;20.877026;0.69928
22/05/2024 21:45;15.408359;20.9199585;0.71474175
22/05/2024 21:50;14.5753048;20.9194108;0.7120872
22/05/2024 21:55;14.1760188;20.8594224;0.7096152
22/05/2024 22:00;13.936936;20.786258;0.70731
22/05/2024 22:15;13.877638;20.7087325;0.70219075
22/05/2024 22:20;13.9459744;20.6634428;0.7144122
22/05/2024 22:25;13.8935984;20.6142128;0.7065414
22/05/2024 22:30;14.002376;20.586738;0.741542
22/05/2024 22:45;13.9915125;20.4718865;0.716642
22/05/2024 22:50;13.9395928;20.458402;0.7116158
22/05/2024 22:55;13.8529676;20.4111228;0.7264142
22/05/2024 23:00;13.790244;20.331616;0.705629
22/05/2024 23:15;14.0295425;20.225866;0.6993855
22/05/2024 23:20;14.1103832;20.2136152;0.714994
22/05/2024 23:25;14.1772492;20.1593612;0.719026
22/05/2024 23:30;14.241648;20.146988;0.699661
22/05/2024 23:45;13.325061;20.133479;0.72193475
22/05/2024 23:50;13.1225236;20.143308;0.715399
22/05/2024 23:55;12.9582928;20.1196728;0.7229006
23/05/2024 00:00;12.929586;20.147462;0.712389
23/05/2024 00:15;12.761229;19.9456185;0.72524425
23/05/2024 00:20;12.7613276;19.8947832;0.7103472
23/05/2024 00:25;12.763664;19.8621712;0.7091954
23/05/2024 00:30;12.767936;19.878586;0.713378
23/05/2024 00:45;12.779747;19.686304;0.71967325
23/05/2024 00:50;12.7147712;19.6359312;0.7241574
23/05/2024 00:55;12.6983632;19.5530984;0.709707
23/05/2024 01:00;12.73121;19.535312;0.73281
23/05/2024 01:15;13.2540615;19.424098;0.736794
23/05/2024 01:20;13.2137072;19.3419116;0.7478286
23/05/2024 01:25;13.2196044;19.3162852;0.7247718
23/05/2024 01:30;13.202166;19.299138;0.703944
23/05/2024 01:45;12.887784;19.0875805;0.72303675
23/05/2024 01:50;12.8058796;19.060872;0.7297848
23/05/2024 01:55;12.7329748;19.0203432;0.7262188
23/05/2024 02:00;12.821578;18.953278;0.753363
23/05/2024 02:15;13.0420995;18.837949;0.7295705
23/05/2024 02:20;13.1193192;18.8217392;0.7318172
23/05/2024 02:25;13.0918704;18.7760752;0.7095106
23/05/2024 02:30;12.983486;18.703896;0.723542
23/05/2024 02:45;13.308521;18.613767;0.7267695
23/05/2024 02:50;13.3498744;18.6059252;0.7205344
23/05/2024 02:55;13.3563236;18.5508208;0.7133626
23/05/2024 03:00;13.356322;18.512314;0.712975
23/05/2024 03:15;13.425544;18.425651;0.7194505
23/05/2024 03:20;13.3955624;18.3886744;0.7202428
23/05/2024 03:25;13.293508;18.3733444;0.7225198
23/05/2024 03:30;13.250024;18.327526;0.737709
23/05/2024 03:45;13.4190805;18.189917;0.73447225
23/05/2024 03:50;13.4088792;18.1843852;0.7274054
23/05/2024 03:55;13.401102;18.184796;0.7333548
23/05/2024 04:00;13.46714;18.116242;0.723595
23/05/2024 04:15;13.4218435;17.99919;0.723934
23/05/2024 04:20;13.4468704;18.0155768;0.7316858
23/05/2024 04:25;13.4328516;17.9954612;0.7302438
23/05/2024 04:30;13.483702;18.00272;0.746257
23/05/2024 04:45;13.2478135;17.8681595;0.75609275
23/05/2024 04:50;13.2284776;17.8465056;0.7277414
23/05/2024 04:55;13.2680844;17.875844;0.735482
23/05/2024 05:00;13.251214;17.829918;0.742088
23/05/2024 05:15;13.373363;17.805547;0.7302105
23/05/2024 05:20;13.3476052;17.7685968;0.7419766
23/05/2024 05:25;13.3611636;17.7657936;0.7347594
23/05/2024 05:30;13.3708;17.717622;0.703561
23/05/2024 05:45;13.3335455;17.697616;0.72071825
23/05/2024 05:50;13.4130824;17.6794836;0.7270778
23/05/2024 05:55;13.4621544;17.6749752;0.717283
23/05/2024 06:00;13.475884;17.630138;0.720252
23/05/2024 06:15;13.5104715;17.6605835;0.709167
23/05/2024 06:20;13.548796;17.6322328;0.7147328
23/05/2024 06:25;13.5980016;17.6049076;0.714806
23/05/2024 06:30;13.723098;17.629286;0.708859
23/05/2024 06:45;14.4290145;17.5815795;0.716991
23/05/2024 06:50;14.5851176;17.6294856;0.7155346
23/05/2024 06:55;14.62459;17.6241608;0.715329
23/05/2024 07:00;14.15332;17.582486;0.707627
23/05/2024 07:15;14.92887;17.648987;0.712201
23/05/2024 07:20;15.0257808;17.6833216;0.7161412
23/05/2024 07:25;15.1265776;17.6829788;0.7116398
23/05/2024 07:30;15.103324;17.679368;0.713513
23/05/2024 07:45;15.301686;17.8482475;0.71214075
23/05/2024 07:50;15.3863088;17.8180664;0.711693
23/05/2024 07:55;15.7623576;17.854928;0.7020852
23/05/2024 08:00;15.702736;17.851154;0.708041
23/05/2024 08:15;15.854859;18.0008315;0.7008855
23/05/2024 08:20;15.9664924;17.996102;0.7013386
23/05/2024 08:25;16.0617764;18.0788496;0.7158296
23/05/2024 08:30;16.254258;18.088586;0.680473
23/05/2024 08:45;17.1900095;18.2413305;0.69794375
23/05/2024 08:50;17.2166584;18.2881048;0.69557
23/05/2024 08:55;19.5711848;18.3244636;0.7011348
23/05/2024 09:00;19.500802;18.393562;0.710217
23/05/2024 09:15;19.1220025;18.705465;0.6934375
23/05/2024 09:20;20.7728824;18.79503;0.6975708
23/05/2024 09:25;19.9175084;18.8976204;0.6954056
23/05/2024 09:30;22.25224;18.944294;0.711505
23/05/2024 09:45;20.8953265;19.32579;0.69927775
23/05/2024 09:50;21.2557472;19.409154;0.6931318
23/05/2024 09:55;21.9349008;19.521612;0.6842234
23/05/2024 10:00;22.39272;19.581726;0.676667
23/05/2024 10:15;23.04626;19.87653;0.68440125
23/05/2024 10:20;22.1711084;19.938056;0.6984692
23/05/2024 10:25;22.8669016;20.02729;0.6888868
23/05/2024 10:30;20.964974;20.112656;0.689282
23/05/2024 10:45;19.1446785;20.3509035;0.728076
23/05/2024 10:50;19.550674;20.3990052;0.7183822
23/05/2024 10:55;21.6791064;20.4457848;0.7057976
23/05/2024 11:00;19.289268;20.474246;0.759409
23/05/2024 11:15;22.282696;20.6592245;0.6941135
23/05/2024 11:20;22.5781556;20.7372868;0.6536442
23/05/2024 11:25;21.2940036;20.8260904;0.6622696
23/05/2024 11:30;20.489152;20.859428;0.660667
23/05/2024 11:45;19.796276;21.0138995;0.6624615
23/05/2024 11:50;20.2950716;21.0673688;0.6888596
23/05/2024 11:55;19.0063096;21.1027;0.6869244
23/05/2024 12:00;18.42268;21.149636;0.657213
23/05/2024 12:15;16.735933;21.1566605;0.6988465
23/05/2024 12:20;16.2589712;21.1240044;0.6954794
23/05/2024 12:25;16.097588;21.0882892;0.6981516
23/05/2024 12:30;16.065872;20.98219;0.704469
23/05/2024 12:45;15.2008315;21.0299915;0.697827
23/05/2024 12:50;15.0118936;21.0295428;0.705446
23/05/2024 12:55;14.9620548;21.005414;0.7077774
23/05/2024 13:00;14.936756;21.018462;0.700764
23/05/2024 13:15;14.8538165;20.937008;0.7078425
23/05/2024 13:20;14.8699608;20.8705468;0.7071648
23/05/2024 13:25;14.8008432;20.8027456;0.7249066
23/05/2024 13:30;14.282524;20.8162;0.717255
23/05/2024 13:45;14.811496;20.75342;0.71484525
23/05/2024 13:50;14.8486856;20.7157056;0.707994
23/05/2024 13:55;14.6780748;20.651216;0.7026052
23/05/2024 14:00;14.581924;20.615614;0.716913
23/05/2024 14:15;14.9594835;20.547677;0.69654325
23/05/2024 14:20;15.036484;20.47796;0.7057618
23/05/2024 14:25;15.0335688;20.4758132;0.7096876
23/05/2024 14:30;15.090248;20.46747;0.700711
23/05/2024 14:45;15.570323;20.4059575;0.71301025
23/05/2024 14:50;16.0710008;20.3551708;0.7079536
23/05/2024 14:55;15.9862948;20.3362508;0.6995086
23/05/2024 15:00;16.003182;20.331906;0.710417
23/05/2024 15:15;16.798412;20.234905;0.6934995
23/05/2024 15:20;17.0283592;20.2308364;0.6974874
23/05/2024 15:25;17.5606632;20.2255824;0.7008456
23/05/2024 15:30;17.909478;20.119446;0.714035
23/05/2024 15:45;19.1849875;20.211226;0.70212425
23/05/2024 15:50;18.550632;20.2111308;0.710478
23/05/2024 15:55;19.1036084;20.2458392;0.7125828
23/05/2024 16:00;20.32745;20.180558;0.719476
23/05/2024 16:15;16.770422;20.307593;0.7355
23/05/2024 16:20;16.4073116;20.2701332;0.7349384
23/05/2024 16:25;17.2725068;20.3081616;0.7373558
23/05/2024 16:30;16.946548;20.252616;0.733838
23/05/2024 16:45;17.881287;20.2321065;0.735273
23/05/2024 16:50;18.2116632;20.2498808;0.730041
23/05/2024 16:55;18.0590964;20.2539304;0.7263272
23/05/2024 17:00;18.492484;20.28505;0.706144
23/05/2024 17:15;19.1805365;20.2493375;0.73207375
23/05/2024 17:20;19.1358856;20.2756636;0.7219474
23/05/2024 17:25;17.7043524;20.2375092;0.7452674
23/05/2024 17:30;17.903168;20.318168;0.690939
23/05/2024 17:45;17.6484375;20.288048;0.7373535
23/05/2024 17:50;18.0129676;20.3202572;0.7249266
23/05/2024 17:55;17.7071876;20.2859912;0.7492614
23/05/2024 18:00;17.649624;20.211592;0.733429
23/05/2024 18:15;17.449001;20.3097455;0.73426275
23/05/2024 18:20;17.3849708;20.281114;0.7353772
23/05/2024 18:25;17.2776896;20.2887292;0.7586134
23/05/2024 18:30;17.073068;20.239602;0.73053
23/05/2024 18:45;17.27458;20.192469;0.74005525
23/05/2024 18:50;17.07488;20.2012416;0.7446458
23/05/2024 18:55;16.9674076;20.1699516;0.7402308
23/05/2024 19:00;16.50943;20.190934;0.749846
23/05/2024 19:15;16.689685;20.112487;0.72242075
23/05/2024 19:20;16.5492684;20.1171036;0.7462066
23/05/2024 19:25;16.4739188;20.0754884;0.7440604
23/05/2024 19:30;16.341532;20.091588;0.748672
23/05/2024 19:45;16.069019;19.9416635;0.749797
23/05/2024 19:50;15.9727252;19.9550596;0.7429766
23/05/2024 19:55;15.9165368;19.9081556;0.7464902
23/05/2024 20:00;15.897402;19.913776;0.752313
23/05/2024 20:15;15.683722;19.732813;0.747072
23/05/2024 20:20;15.6195968;19.7447348;0.7471228
23/05/2024 20:25;15.590274;19.6622276;0.74165
23/05/2024 20:30;15.484418;19.693706;0.748964
23/05/2024 20:45;15.506997;19.5385025;0.7436885
23/05/2024 20:50;15.4489912;19.5496444;0.7430332
23/05/2024 20:55;15.2899844;19.4916004;0.7290332
23/05/2024 21:00;15.228118;19.428092;0.732077
23/05/2024 21:15;14.9690965;19.235758;0.740487
23/05/2024 21:20;14.9750168;19.1870092;0.7440538
23/05/2024 21:25;15.0516164;19.1587272;0.744444
23/05/2024 21:30;15.064132;19.13518;0.741609
23/05/2024 21:45;14.8613325;18.958522;0.7462585
23/05/2024 21:50;14.4701092;18.9079544;0.724235
23/05/2024 21:55;14.2338156;18.8561684;0.715383
23/05/2024 22:00;14.417876;18.917864;0.737289
23/05/2024 22:15;14.301874;18.749376;0.742957
23/05/2024 22:20;14.2358688;18.7281456;0.726167
23/05/2024 22:25;14.1700204;18.6835732;0.7319776
23/05/2024 22:30;14.171476;18.648624;0.722284
23/05/2024 22:45;13.836187;18.519168;0.73428425
23/05/2024 22:50;13.764596;18.4673464;0.739076
23/05/2024 22:55;13.6619784;18.4088668;0.722158
23/05/2024 23:00;13.595708;18.427736;0.736938
23/05/2024 23:15;13.4110075;18.2298295;0.749551
23/05/2024 23:20;13.524032;18.2091976;0.7489022
23/05/2024 23:25;13.4819424;18.1352868;0.744139
23/05/2024 23:30;13.498452;18.085028;0.74611
23/05/2024 23:45;13.2327215;17.946064;0.759313
23/05/2024 23:50;13.366552;17.9120868;0.762562
23/05/2024 23:55;13.5017548;17.8881936;0.7521504
24/05/2024 00:00;13.404054;17.85978;0.74598
24/05/2024 00:15;13.0285085;17.7012425;0.7386495
24/05/2024 00:20;13.09383;17.618852;0.749689
24/05/2024 00:25;13.1386496;17.6426216;0.7468016
24/05/2024 00:30;13.073964;17.619338;0.753912
24/05/2024 00:45;13.093891;17.573471;0.73271375
24/05/2024 00:50;13.1562228;17.5066948;0.7450366
24/05/2024 00:55;13.0010368;17.4597692;0.7348752
24/05/2024 01:00;13.031324;17.491458;0.704551
24/05/2024 01:15;12.6611195;17.335861;0.72349725
24/05/2024 01:20;12.7020816;17.3280944;0.7235724
24/05/2024 01:25;12.632042;17.3229288;0.7629428
24/05/2024 01:30;12.504138;17.311944;0.746014
24/05/2024 01:45;12.3487475;17.2026015;0.73503625
24/05/2024 01:50;12.4032412;17.1527352;0.7470872
24/05/2024 01:55;12.4086068;17.125476;0.7290702
24/05/2024 02:00;12.344052;17.075126;0.751238
24/05/2024 02:15;12.241157;16.9906885;0.74795075
24/05/2024 02:20;12.2855412;16.9513304;0.7443066
24/05/2024 02:25;12.240394;16.9491408;0.7326132
24/05/2024 02:30;12.184438;16.973396;0.724871
24/05/2024 02:45;12.1646175;16.8496315;0.745197
24/05/2024 02:50;12.0896236;16.8346468;0.7343616
24/05/2024 02:55;12.0249744;16.807582;0.75607
24/05/2024 03:00;12.185486;16.778454;0.745369
24/05/2024 03:15;12.2979015;16.693245;0.75153875
24/05/2024 03:20;12.3432792;16.6683668;0.7481742
24/05/2024 03:25;12.3693104;16.6640748;0.7534144
24/05/2024 03:30;12.366988;16.714806;0.764111
24/05/2024 03:45;12.0851905;16.6069065;0.761139
24/05/2024 03:50;12.1826316;16.5904636;0.741104
24/05/2024 03:55;12.243152;16.5942528;0.7506126
24/05/2024 04:00;12.275162;16.502674;0.710418
24/05/2024 04:15;12.3289985;16.5067635;0.7438315
24/05/2024 04:20;12.3166272;16.555276;0.737966
24/05/2024 04:25;12.279508;16.504466;0.7175238
24/05/2024 04:30;12.305096;16.506702;0.715261
24/05/2024 04:45;12.078931;16.516196;0.73244475
24/05/2024 04:50;12.0931804;16.5376208;0.7280836
24/05/2024 04:55;12.1022892;16.5537416;0.7221164
24/05/2024 05:00;12.111774;16.458336;0.72206
24/05/2024 05:15;12.5457945;16.466127;0.71061175
24/05/2024 05:20;12.6688872;16.483158;0.7470416
24/05/2024 05:25;12.7009412;16.4552964;0.7304742
24/05/2024 05:30;12.742486;16.421712;0.735055
24/05/2024 05:45;12.5032045;16.5147755;0.74537475
24/05/2024 05:50;12.6730732;16.4952204;0.7246344
24/05/2024 05:55;12.7223416;16.4794316;0.7258286
24/05/2024 06:00;12.808794;16.438232;0.739253
24/05/2024 06:15;12.65419;16.512016;0.72163625
24/05/2024 06:20;12.7537208;16.5459044;0.7284982
24/05/2024 06:25;12.8477516;16.49336;0.7397702
24/05/2024 06:30;13.005828;16.556252;0.721527
24/05/2024 06:45;13.2873985;16.5934795;0.7520965
24/05/2024 06:50;13.4932632;16.5856408;0.7303208
24/05/2024 06:55;13.7505892;16.6080212;0.7231684
24/05/2024 07:00;14.007724;16.67199;0.723932
24/05/2024 07:15;14.5065095;16.7758135;0.72668025
24/05/2024 07:20;14.4423152;16.806256;0.715858
24/05/2024 07:25;14.710002;16.8378292;0.7242974
24/05/2024 07:30;14.988218;16.8653;0.695402
24/05/2024 07:45;16.307729;17.031301;0.710817
24/05/2024 07:50;17.20335;17.0611536;0.708605
24/05/2024 07:55;15.7825048;17.1292604;0.699909
24/05/2024 08:00;15.296802;17.191886;0.706993
24/05/2024 08:15;17.169152;17.39369;0.70574125
24/05/2024 08:20;17.5189952;17.4619148;0.6967242
24/05/2024 08:25;16.4584692;17.5264372;0.7085694
24/05/2024 08:30;16.524018;17.560024;0.727882
24/05/2024 08:45;16.8757655;17.782427;0.70161225
24/05/2024 08:50;16.8996156;17.89261;0.7136654
24/05/2024 08:55;16.8551204;17.9540344;0.7025734
24/05/2024 09:00;16.510414;18.054336;0.706934
24/05/2024 09:15;16.1473615;18.2551255;0.70651025
24/05/2024 09:20;16.161846;18.3266956;0.7118084
24/05/2024 09:25;16.276474;18.3759948;0.7044272
24/05/2024 09:30;16.561966;18.4598;0.687399
24/05/2024 09:45;16.6363715;18.6081685;0.70423925
24/05/2024 09:50;16.9922088;18.652;0.6951388
24/05/2024 09:55;17.3405808;18.7036932;0.7287646
24/05/2024 10:00;18.245574;18.758316;0.728335
24/05/2024 10:15;21.3725645;18.9125135;0.685955
24/05/2024 10:20;20.876928;19.0120816;0.6880812
24/05/2024 10:25;18.9034784;19.0992684;0.6833502
24/05/2024 10:30;18.472076;19.16944;0.7004
24/05/2024 10:45;22.517254;19.4324005;0.6963825
24/05/2024 10:50;22.5638332;19.5115712;0.6870536
24/05/2024 10:55;23.0013148;19.5947224;0.6827586
24/05/2024 11:00;23.190288;19.56554;0.677941
24/05/2024 11:15;22.7378775;19.9533655;0.70281975
24/05/2024 11:20;22.81251;20.0426096;0.6850866
24/05/2024 11:25;23.5044416;20.1714144;0.670773
24/05/2024 11:30;25.171132;20.27274;0.70383
24/05/2024 11:45;23.0753095;20.4885975;0.7120335
24/05/2024 11:50;24.2691624;20.5667848;0.6812334
24/05/2024 11:55;23.1104888;20.6679608;0.6903572
24/05/2024 12:00;21.755844;20.766448;0.716258
24/05/2024 12:15;24.365346;20.930221;0.67039625
24/05/2024 12:20;24.0619224;20.9977852;0.6644006
24/05/2024 12:25;23.7335752;21.0699976;0.677886
24/05/2024 12:30;22.721132;21.088494;0.677903
24/05/2024 12:45;21.629486;21.3147455;0.69669375
24/05/2024 12:50;21.2742108;21.3377096;0.697061
24/05/2024 12:55;20.6293152;21.3562472;0.7245014
24/05/2024 13:00;22.031158;21.392396;0.683308
24/05/2024 13:15;21.4300355;21.4590865;0.695233
24/05/2024 13:20;21.0585844;21.4952688;0.7119824
24/05/2024 13:25;20.1885092;21.5138076;0.712556
24/05/2024 13:30;19.149932;21.533612;0.750388
24/05/2024 13:45;20.2799895;21.531721;0.7051915
24/05/2024 13:50;20.0834204;21.536222;0.7015342
24/05/2024 13:55;20.5316324;21.5561508;0.7298618
24/05/2024 14:00;21.899376;21.50976;0.735009
24/05/2024 14:15;20.3834815;21.606531;0.71554075
24/05/2024 14:20;20.7595884;21.6581424;0.6996056
24/05/2024 14:25;20.7507688;21.6903656;0.6913998
24/05/2024 14:30;20.904006;21.700792;0.697833
24/05/2024 14:45;20.1433635;21.6576515;0.70234825
24/05/2024 14:50;20.3159804;21.7016384;0.6909336
24/05/2024 14:55;19.9068892;21.6921624;0.6862878
24/05/2024 15:00;19.834076;21.705828;0.727433
24/05/2024 15:15;19.5133355;21.665222;0.7244965
24/05/2024 15:20;19.4949812;21.671098;0.7098732
24/05/2024 15:25;19.6521864;21.6592532;0.7106114
24/05/2024 15:30;19.160484;21.645176;0.742408
24/05/2024 15:45;18.548977;21.6700315;0.69312175
24/05/2024 15:50;16.3668904;21.6937612;0.6817826
24/05/2024 15:55;15.9359584;21.6623408;0.669745
24/05/2024 16:00;15.210054;21.659176;0.701779
24/05/2024 16:15;14.419666;21.434104;0.693034
24/05/2024 16:20;14.2187136;21.4148728;0.6898394
24/05/2024 16:25;13.8205184;21.4190916;0.69723
24/05/2024 16:30;13.872796;21.418756;0.685246
24/05/2024 16:45;14.530851;21.392842;0.67660025
24/05/2024 16:50;14.244234;21.4121076;0.6821238
24/05/2024 16:55;14.0993496;21.3175352;0.6969828
24/05/2024 17:00;14.227992;21.327548;0.689362
24/05/2024 17:15;15.0269725;21.2485735;0.70211375
24/05/2024 17:20;14.9537852;21.2135244;0.7114924
24/05/2024 17:25;15.0673024;21.153084;0.7023434
24/05/2024 17:30;15.157922;21.146832;0.713725
24/05/2024 17:45;15.753882;21.14213;0.720317
24/05/2024 17:50;15.8285404;21.1126212;0.7069044
24/05/2024 17:55;15.9425784;21.0935712;0.6986238
24/05/2024 18:00;15.998456;21.040494;0.725159
24/05/2024 18:15;15.786556;21.068424;0.70659675
24/05/2024 18:20;15.8338016;21.0237472;0.701253
24/05/2024 18:25;15.7560112;21.0708168;0.706018
24/05/2024 18:30;15.686628;21.021738;0.697095
24/05/2024 18:45;15.649568;20.9233635;0.70713875
24/05/2024 18:50;15.5037144;20.938424;0.714533
24/05/2024 18:55;15.3106988;20.914652;0.7068804
24/05/2024 19:00;15.293384;20.837184;0.698272
24/05/2024 19:15;15.2578385;20.833809;0.70656725
24/05/2024 19:20;15.1571364;20.8226648;0.7106472
24/05/2024 19:25;15.03556;20.7757168;0.713395
24/05/2024 19:30;15.046186;20.76791;0.70788
24/05/2024 19:45;14.8845995;20.6173145;0.69722325
24/05/2024 19:50;14.7954576;20.556314;0.7113112
24/05/2024 19:55;14.756956;20.5354416;0.7348544
24/05/2024 20:00;14.74132;20.52726;0.732972
24/05/2024 20:15;14.659749;20.348952;0.72390375
24/05/2024 20:20;14.5983192;20.3106068;0.719411
24/05/2024 20:25;14.5673296;20.2506592;0.7027936
24/05/2024 20:30;14.553054;20.297478;0.734028
24/05/2024 20:45;14.4679305;20.068287;0.71500625
24/05/2024 20:50;14.24336;20.0184128;0.7294704
24/05/2024 20:55;14.1321748;19.970078;0.72623
24/05/2024 21:00;14.201626;19.89167;0.714282
24/05/2024 21:15;13.698862;19.9328525;0.7162195
24/05/2024 21:20;13.7834312;19.8979512;0.713203
24/05/2024 21:25;14.0440532;19.8540952;0.7292118
24/05/2024 21:30;14.137122;19.799102;0.717772
24/05/2024 21:45;14.382925;19.6729535;0.70386025
24/05/2024 21:50;14.5055344;19.6130444;0.7377744
24/05/2024 21:55;14.5546972;19.574302;0.735156
24/05/2024 22:00;14.516942;19.47594;0.721159
24/05/2024 22:15;14.4911535;19.3311655;0.719073
24/05/2024 22:20;14.5701976;19.3102348;0.7027616
24/05/2024 22:25;14.4778884;19.283228;0.7422526
24/05/2024 22:30;14.44893;19.329926;0.750571
24/05/2024 22:45;14.073614;19.1119915;0.7096265
24/05/2024 22:50;14.0699188;19.0864884;0.7203236
24/05/2024 22:55;14.1436816;19.0337932;0.7352672
24/05/2024 23:00;14.079468;18.98914;0.700322
24/05/2024 23:15;14.1292905;18.9082475;0.71229725
24/05/2024 23:20;14.0747672;18.8732624;0.7127758
24/05/2024 23:25;13.99351;18.8344692;0.7368992
24/05/2024 23:30;13.922036;18.800754;0.701088
24/05/2024 23:45;13.781752;18.718903;0.7143
24/05/2024 23:50;13.419242;18.7242404;0.7113256
24/05/2024 23:55;12.7150044;18.735572;0.7110006
25/05/2024 00:00;12.63706;18.710202;0.712153
25/05/2024 00:15;12.649403;18.5656905;0.71987675
25/05/2024 00:20;12.6668828;18.5439372;0.7183954
25/05/2024 00:25;12.743506;18.484596;0.7269334
25/05/2024 00:30;12.787942;18.475772;0.7157
25/05/2024 00:45;12.7429;18.3385885;0.705807
25/05/2024 00:50;12.7570016;18.2947828;0.7270538
25/05/2024 00:55;12.805924;18.246668;0.7223574
25/05/2024 01:00;12.722938;18.237362;0.704358
25/05/2024 01:15;12.632734;18.0969715;0.7183015
25/05/2024 01:20;12.6839228;18.0558644;0.7347616
25/05/2024 01:25;12.63194;18.0151652;0.7337058
25/05/2024 01:30;12.590914;17.93365;0.751458
25/05/2024 01:45;12.3998515;17.8484185;0.73017875
25/05/2024 01:50;12.3694124;17.7775184;0.7228664
25/05/2024 01:55;12.3900536;17.7461396;0.7321916
25/05/2024 02:00;12.394146;17.745014;0.722978
25/05/2024 02:15;12.22218;17.6951735;0.71857125
25/05/2024 02:20;12.1570672;17.6440144;0.7381028
25/05/2024 02:25;12.1339232;17.5852408;0.7361928
25/05/2024 02:30;12.014318;17.51828;0.736506
25/05/2024 02:45;12.1533485;17.401831;0.74349375
25/05/2024 02:50;12.06996;17.328088;0.7299168
25/05/2024 02:55;12.1587528;17.3223152;0.7314782
25/05/2024 03:00;12.104388;17.273796;0.753366
25/05/2024 03:15;12.212519;17.1920305;0.75374525
25/05/2024 03:20;11.9208944;17.1155628;0.7431588
25/05/2024 03:25;11.8504552;17.0962092;0.747205
25/05/2024 03:30;11.852118;17.057812;0.748374
25/05/2024 03:45;11.894909;16.9801095;0.74249575
25/05/2024 03:50;11.7987332;16.9342356;0.740598
25/05/2024 03:55;12.002578;16.8932128;0.742391
25/05/2024 04:00;12.115248;16.856184;0.767652
25/05/2024 04:15;11.990857;16.7595365;0.751863
25/05/2024 04:20;11.9940416;16.7596984;0.7413708
25/05/2024 04:25;11.92975;16.7413484;0.744235
25/05/2024 04:30;11.841224;16.657254;0.741267
25/05/2024 04:45;11.6072415;16.6189195;0.75372125
25/05/2024 04:50;11.635786;16.581646;0.7393756
25/05/2024 04:55;11.7178888;16.5572988;0.7401066
25/05/2024 05:00;11.76445;16.482012;0.730307
25/05/2024 05:15;11.992999;16.459945;0.741317
25/05/2024 05:20;12.1161632;16.4580776;0.7510464
25/05/2024 05:25;12.2971216;16.4229388;0.7496088
25/05/2024 05:30;12.413836;16.409192;0.737657
25/05/2024 05:45;12.748388;16.397765;0.7465825
25/05/2024 05:50;12.6989908;16.341822;0.7488218
25/05/2024 05:55;12.8058348;16.3649016;0.7632082
25/05/2024 06:00;12.908674;16.34737;0.751545
25/05/2024 06:15;12.857191;16.4174835;0.76177475
25/05/2024 06:20;12.9504584;16.4204204;0.7513004
25/05/2024 06:25;12.8664628;16.42773;0.7569242
25/05/2024 06:30;12.78468;16.459816;0.757889
25/05/2024 06:45;13.1103685;16.49126;0.74383075
25/05/2024 06:50;13.1308592;16.5120428;0.7388172
25/05/2024 06:55;13.4198468;16.5238512;0.7426136
25/05/2024 07:00;13.348454;16.53372;0.743788
25/05/2024 07:15;14.5187055;16.621116;0.72763075
25/05/2024 07:20;15.31814;16.630744;0.723584
25/05/2024 07:25;16.248998;16.6910152;0.709517
25/05/2024 07:30;15.452774;16.7403;0.726539
25/05/2024 07:45;14.4063955;16.816132;0.748949
25/05/2024 07:50;14.5218224;16.875462;0.755598
25/05/2024 07:55;15.2454392;16.9538352;0.729064
25/05/2024 08:00;15.405144;17.01215;0.71533
25/05/2024 08:15;16.3325515;17.195741;0.71547525
25/05/2024 08:20;15.482376;17.2247252;0.7399922
25/05/2024 08:25;15.6706336;17.314194;0.7106484
25/05/2024 08:30;15.394286;17.307922;0.744909
25/05/2024 08:45;15.8426995;17.484251;0.727691
25/05/2024 08:50;16.3447776;17.5179836;0.7128232
25/05/2024 08:55;17.7228616;17.6190932;0.7330928
25/05/2024 09:00;19.791896;17.662678;0.733103
25/05/2024 09:15;21.3358955;17.911255;0.72332925
25/05/2024 09:20;20.392998;18.0878292;0.709153
25/05/2024 09:25;20.7757048;18.22153;0.716211
25/05/2024 09:30;21.074596;18.366284;0.655613
25/05/2024 09:45;21.3378045;18.721652;0.7192625
25/05/2024 09:50;22.913314;18.8547052;0.6957476
25/05/2024 09:55;21.0309596;18.8819384;0.7076436
25/05/2024 10:00;23.200062;19.015238;0.706239
25/05/2024 10:15;19.9769115;19.287079;0.7371265
25/05/2024 10:20;21.8440416;19.4538228;0.6889724
25/05/2024 10:25;20.0216232;19.5423648;0.7010142
25/05/2024 10:30;17.797308;19.481736;0.752312
25/05/2024 10:45;22.742808;19.854839;0.67590475
25/05/2024 10:50;22.140556;19.9547436;0.7153444
25/05/2024 10:55;22.8820896;20.0000276;0.6900246
25/05/2024 11:00;22.918326;19.969394;0.720769
25/05/2024 11:15;22.7532385;20.405062;0.688202
25/05/2024 11:20;23.4380796;20.4973972;0.6992966
25/05/2024 11:25;22.1756688;20.5383232;0.7259516
25/05/2024 11:30;25.403588;20.586134;0.664627
25/05/2024 11:45;20.618318;20.967356;0.70185975
25/05/2024 11:50;20.5786432;21.0616964;0.7105226
25/05/2024 11:55;22.602486;21.093912;0.6991474
25/05/2024 12:00;23.288436;21.184374;0.672381
25/05/2024 12:15;21.6450295;21.266115;0.7063025
25/05/2024 12:20;20.7911096;21.239974;0.7225564
25/05/2024 12:25;21.2724884;21.2814984;0.7268728
25/05/2024 12:30;22.06002;21.296892;0.667563
25/05/2024 12:45;21.794376;21.4066745;0.70754925
25/05/2024 12:50;21.8325608;21.4598596;0.6960882
25/05/2024 12:55;22.2681604;21.5371908;0.6982866
25/05/2024 13:00;21.729714;21.427654;0.712241
25/05/2024 13:15;21.444227;21.4817045;0.69412475
25/05/2024 13:20;21.5713424;21.4788396;0.6963718
25/05/2024 13:25;21.199406;21.481712;0.7155028
25/05/2024 13:30;21.75594;21.46098;0.723187
25/05/2024 13:45;22.5402505;21.551847;0.69390875
25/05/2024 13:50;23.1808276;21.5737588;0.6901252
25/05/2024 13:55;24.2094096;21.5925336;0.6839422
25/05/2024 14:00;24.397428;21.593664;0.661297
25/05/2024 14:15;22.0170685;21.7315765;0.71220625
25/05/2024 14:20;22.914896;21.7877828;0.6879162
25/05/2024 14:25;24.0704072;21.7782468;0.6764054
25/05/2024 14:30;22.466522;21.884646;0.692574
25/05/2024 14:45;22.2085785;21.88909;0.70389475
25/05/2024 14:50;22.510656;21.9242668;0.7033834
25/05/2024 14:55;22.5490912;21.9084704;0.6873876
25/05/2024 15:00;21.780278;21.87017;0.728051
25/05/2024 15:15;22.0721145;21.918321;0.68165425
25/05/2024 15:20;21.651244;21.9694648;0.6852402
25/05/2024 15:25;21.5822476;21.9647304;0.7016458
25/05/2024 15:30;21.622452;21.932872;0.676579
25/05/2024 15:45;20.994799;21.945819;0.712292
25/05/2024 15:50;21.1955712;21.9373608;0.711035
25/05/2024 15:55;21.0588728;21.927678;0.7227402
25/05/2024 16:00;21.226814;21.905414;0.705816
25/05/2024 16:15;22.29503;21.9302015;0.714871
25/05/2024 16:20;22.0631448;21.937392;0.7197976
25/05/2024 16:25;21.8604796;21.948084;0.7033206
25/05/2024 16:30;21.770886;21.905376;0.70946
25/05/2024 16:45;20.83511;21.9910385;0.6886275
25/05/2024 16:50;21.0002328;21.9721008;0.6927558
25/05/2024 16:55;20.9649884;21.922652;0.700386
25/05/2024 17:00;20.835742;21.98785;0.68987
25/05/2024 17:15;20.7780575;21.9264045;0.712729
25/05/2024 17:20;20.7931608;21.9148188;0.7171428
25/05/2024 17:25;21.1228752;21.9636532;0.7086322
25/05/2024 17:30;20.973916;21.941124;0.725003
25/05/2024 17:45;20.770825;21.88271;0.7280825
25/05/2024 17:50;20.7745312;21.8741732;0.726412
25/05/2024 17:55;20.806528;21.8796016;0.7152676
25/05/2024 18:00;20.875972;21.874162;0.736623
25/05/2024 18:15;20.3017515;21.8897215;0.71711875
25/05/2024 18:20;20.3382516;21.8648952;0.7107888
25/05/2024 18:25;20.1235268;21.8562108;0.7052598
25/05/2024 18:30;20.032042;21.834682;0.700192
25/05/2024 18:45;19.784214;21.862481;0.70808275
25/05/2024 18:50;19.7151868;21.8566716;0.7091016
25/05/2024 18:55;19.7057972;21.8317076;0.7180816
25/05/2024 19:00;19.508154;21.840642;0.717715
25/05/2024 19:15;19.5620635;21.8225825;0.72934775
25/05/2024 19:20;19.5275676;21.817764;0.7211436
25/05/2024 19:25;19.4517636;21.8314848;0.7317438
25/05/2024 19:30;19.488438;21.775776;0.708598
25/05/2024 19:45;19.297954;21.7410235;0.719393
25/05/2024 19:50;19.2681356;21.7503788;0.7333588
25/05/2024 19:55;19.17358;21.7663928;0.727686
25/05/2024 20:00;19.14856;21.832462;0.729836
25/05/2024 20:15;18.831055;21.704091;0.715024
25/05/2024 20:20;18.7669648;21.679568;0.7285492
25/05/2024 20:25;18.740058;21.7096316;0.7240688
25/05/2024 20:30;18.722156;21.630978;0.746427
25/05/2024 20:45;18.643006;21.608311;0.71943375
25/05/2024 20:50;18.6440516;21.644334;0.7246916
25/05/2024 20:55;18.6170192;21.6352064;0.7256464
25/05/2024 21:00;18.540494;21.581508;0.740144
25/05/2024 21:15;18.3992345;21.591958;0.712292
25/05/2024 21:20;18.3039512;21.5743812;0.7229232
25/05/2024 21:25;18.15647;21.5838348;0.7207396
25/05/2024 21:30;18.000606;21.49219;0.732045
25/05/2024 21:45;17.867888;21.466919;0.735187
25/05/2024 21:50;17.8460152;21.4396284;0.7384556
25/05/2024 21:55;17.9290804;21.5486476;0.7322496
25/05/2024 22:00;17.845612;21.4916;0.734837
25/05/2024 22:15;17.629566;21.458443;0.72934575
25/05/2024 22:20;17.5967388;21.4893648;0.7341956
25/05/2024 22:25;17.4055624;21.4544672;0.72248
25/05/2024 22:30;17.366856;21.37654;0.72111
25/05/2024 22:45;17.0876305;21.412069;0.73230625
25/05/2024 22:50;17.09741;21.4001052;0.724246
25/05/2024 22:55;16.9894552;21.3598744;0.7350034
25/05/2024 23:00;16.959646;21.301654;0.731372
25/05/2024 23:15;16.8720305;21.2815995;0.72620225
25/05/2024 23:20;16.8960196;21.209488;0.7287422
25/05/2024 23:25;16.86775;21.210758;0.7262022
25/05/2024 23:30;17.04691;21.240548;0.729257
25/05/2024 23:45;16.793131;21.0949505;0.73302275
25/05/2024 23:50;16.852152;21.0914668;0.7302532
25/05/2024 23:55;16.7442568;21.0533876;0.7315596
26/05/2024 00:00;16.7957;21.005942;0.708197
26/05/2024 00:15;16.0845355;20.937366;0.714876
26/05/2024 00:20;16.1834928;20.9274456;0.7373
26/05/2024 00:25;16.1292496;20.9200808;0.7208506
26/05/2024 00:30;16.1552;20.945426;0.737535
26/05/2024 00:45;16.2233195;20.832044;0.72713925
26/05/2024 00:50;16.2596028;20.8758188;0.7225848
26/05/2024 00:55;16.2791284;20.7773432;0.7233254
26/05/2024 01:00;16.280848;20.691968;0.753859
26/05/2024 01:15;16.377675;20.7045625;0.7353145
26/05/2024 01:20;16.3059076;20.6990648;0.7287804
26/05/2024 01:25;16.0559208;20.6330948;0.73114
26/05/2024 01:30;16.027894;20.675606;0.711309
26/05/2024 01:45;15.7980625;20.5009205;0.72900675
26/05/2024 01:50;15.7277204;20.486642;0.7162408
26/05/2024 01:55;15.6699824;20.4758884;0.7252642
26/05/2024 02:00;15.701738;20.467506;0.716538
26/05/2024 02:15;15.6217035;20.2418995;0.72030975
26/05/2024 02:20;15.556726;20.1766276;0.7128686
26/05/2024 02:25;15.4899268;20.147246;0.7360406
26/05/2024 02:30;15.4785;20.039184;0.711827
26/05/2024 02:45;15.3668215;19.957621;0.722143
26/05/2024 02:50;15.2801508;19.9713108;0.728029
26/05/2024 02:55;15.1881312;19.9047456;0.7156818
26/05/2024 03:00;15.079202;19.937248;0.712868
26/05/2024 03:15;15.248654;19.8169905;0.720891
26/05/2024 03:20;15.2218148;19.7937044;0.7124938
26/05/2024 03:25;15.170228;19.7213212;0.727835
26/05/2024 03:30;15.243986;19.78283;0.71538
26/05/2024 03:45;15.104353;19.667202;0.7029405
26/05/2024 03:50;15.0357656;19.6541408;0.7164598
26/05/2024 03:55;14.8647912;19.5375348;0.7212332
26/05/2024 04:00;14.839284;19.613446;0.722893
26/05/2024 04:15;14.587359;19.4257735;0.70372025
26/05/2024 04:20;14.4650772;19.403194;0.7026714
26/05/2024 04:25;14.420388;19.3271564;0.7134126
26/05/2024 04:30;14.329938;19.318062;0.6831
26/05/2024 04:45;14.134906;19.256875;0.7187025
26/05/2024 04:50;14.1655452;19.2066884;0.7228102
26/05/2024 04:55;14.165446;19.16212;0.7234992
26/05/2024 05:00;14.092364;19.19424;0.72622
26/05/2024 05:15;14.244127;18.998382;0.732798
26/05/2024 05:20;14.3036732;18.9764356;0.7396518
26/05/2024 05:25;14.332358;18.8559676;0.7248644
26/05/2024 05:30;14.46761;18.878826;0.727049
26/05/2024 05:45;14.6701075;18.7529655;0.727131
26/05/2024 05:50;14.8902532;18.7337984;0.7197444
26/05/2024 05:55;14.9689632;18.6800904;0.720659
26/05/2024 06:00;14.86373;18.636876;0.724456
26/05/2024 06:15;15.209705;18.5869375;0.70734775
26/05/2024 06:20;15.3134444;18.5602612;0.7088936
26/05/2024 06:25;15.6070492;18.5087624;0.7200616
26/05/2024 06:30;15.811838;18.561854;0.728389
26/05/2024 06:45;16.117186;18.4838165;0.7247245
26/05/2024 06:50;16.1454256;18.4939708;0.7202048
26/05/2024 06:55;15.987274;18.4966768;0.7283284
26/05/2024 07:00;16.34932;18.529002;0.718873
26/05/2024 07:15;17.1542985;18.5161245;0.72982625
26/05/2024 07:20;17.7775788;18.537952;0.7205184
26/05/2024 07:25;19.1367004;18.5507876;0.7259786
26/05/2024 07:30;19.815814;18.610234;0.71461
26/05/2024 07:45;20.630153;18.7098875;0.7167855
26/05/2024 07:50;20.28884;18.7163796;0.7219808
26/05/2024 07:55;21.17819;18.7005924;0.7228806
26/05/2024 08:00;21.438586;18.859288;0.691583
26/05/2024 08:15;22.1584585;18.983664;0.7079255
26/05/2024 08:20;22.6058876;19.0612024;0.7043352
26/05/2024 08:25;22.444196;19.1666656;0.7204962
26/05/2024 08:30;23.283906;19.240044;0.68805
26/05/2024 08:45;21.8660965;19.4092055;0.731579
26/05/2024 08:50;22.1410236;19.447918;0.7291758
26/05/2024 08:55;22.3415888;19.5259064;0.7185096
26/05/2024 09:00;22.743756;19.588238;0.729577
26/05/2024 09:15;23.1799005;19.8585035;0.706865
26/05/2024 09:20;24.6625108;19.9550896;0.6998424
26/05/2024 09:25;21.2914528;20.013764;0.7302644
26/05/2024 09:30;19.878362;19.996226;0.72884
26/05/2024 09:45;21.9551485;20.2421335;0.730194
26/05/2024 09:50;24.545062;20.2964756;0.708806
26/05/2024 09:55;23.6022172;20.3768976;0.7113472
26/05/2024 10:00;22.906992;20.406078;0.72877
26/05/2024 10:15;21.601016;20.7134885;0.72258275
26/05/2024 10:20;25.6578416;20.8064528;0.694331
26/05/2024 10:25;23.5605628;20.8638636;0.7125332
26/05/2024 10:30;24.699064;20.943366;0.717385
26/05/2024 10:45;25.5769475;21.275394;0.706599
26/05/2024 10:50;25.209068;21.2569576;0.7076206
26/05/2024 10:55;24.72348;21.2268952;0.7211892
26/05/2024 11:00;26.397838;21.316828;0.703273
26/05/2024 11:15;24.8228665;21.5237445;0.70350825
26/05/2024 11:20;26.0093088;21.5966456;0.7107028
26/05/2024 11:25;27.4454664;21.671772;0.6793574
26/05/2024 11:30;24.362006;21.714648;0.73033
26/05/2024 11:45;26.406227;21.8326905;0.68049175
26/05/2024 11:50;26.7040364;21.8982596;0.6889836
26/05/2024 11:55;26.1348936;21.9173232;0.6926158
26/05/2024 12:00;26.24514;21.987422;0.683679
26/05/2024 12:15;26.7788275;22.128063;0.6748235
26/05/2024 12:20;26.4000496;22.2226172;0.6988854
26/05/2024 12:25;26.4965676;22.2900564;0.6938274
26/05/2024 12:30;28.548146;22.259006;0.691621
26/05/2024 12:45;27.5229085;22.442106;0.6726465
26/05/2024 12:50;26.4978072;22.4624984;0.701714
26/05/2024 12:55;26.1304044;22.5254;0.6943462
26/05/2024 13:00;25.494568;22.560504;0.70939
26/05/2024 13:15;28.1939575;22.7284105;0.65503275
26/05/2024 13:20;28.2456216;22.7477344;0.6676324
26/05/2024 13:25;28.4516644;22.7605636;0.6507086
26/05/2024 13:30;25.869584;22.801624;0.705917
26/05/2024 13:45;25.8470805;22.849507;0.706176
26/05/2024 13:50;27.95172;22.9140476;0.672037
26/05/2024 13:55;27.0477432;22.9796904;0.6558978
26/05/2024 14:00;27.767978;22.994922;0.686272
26/05/2024 14:15;27.607431;23.0138375;0.697146
26/05/2024 14:20;26.3806492;23.1095048;0.7032372
26/05/2024 14:25;26.41593;23.0842452;0.7028388
26/05/2024 14:30;25.325814;23.036904;0.716357
26/05/2024 14:45;27.377334;23.1636195;0.68553275
26/05/2024 14:50;26.5530316;23.2494972;0.701752
26/05/2024 14:55;27.143222;23.2191148;0.7139432
26/05/2024 15:00;26.62102;23.259488;0.713833
26/05/2024 15:15;27.828335;23.3356695;0.69159275
26/05/2024 15:20;27.0925804;23.373958;0.7078224
26/05/2024 15:25;26.093968;23.370252;0.712343
26/05/2024 15:30;28.251032;23.451812;0.672508
26/05/2024 15:45;25.8979955;23.4734925;0.72398625
26/05/2024 15:50;26.6973036;23.5617124;0.7064084
26/05/2024 15:55;27.1849892;23.5954088;0.6893258
26/05/2024 16:00;25.837134;23.55403;0.729921
26/05/2024 16:15;26.2772065;23.650792;0.7031495
26/05/2024 16:20;27.2623476;23.7546188;0.7068032
26/05/2024 16:25;26.3755284;23.8114672;0.711325
26/05/2024 16:30;26.075218;23.823326;0.712421
26/05/2024 16:45;25.7830205;23.9150945;0.709092
26/05/2024 16:50;26.0888736;23.964174;0.7044764
26/05/2024 16:55;28.2033572;23.97271;0.7045856
26/05/2024 17:00;26.054474;23.996678;0.712217
26/05/2024 17:15;25.75029;24.187592;0.707883
26/05/2024 17:20;25.3256712;24.26382;0.7128346
26/05/2024 17:25;24.9228256;24.3285996;0.7139022
26/05/2024 17:30;24.808106;24.318782;0.699974
26/05/2024 17:45;25.5786345;24.464778;0.70164125
26/05/2024 17:50;25.4490524;24.4951544;0.7080572
26/05/2024 17:55;24.603726;24.4726552;0.7108648
26/05/2024 18:00;24.474056;24.452064;0.71104
26/05/2024 18:15;24.63069;24.47371;0.67674725
26/05/2024 18:20;24.5796048;24.4232972;0.6774934
26/05/2024 18:25;24.4186268;24.4347784;0.6963826
26/05/2024 18:30;24.535478;24.371072;0.679446
26/05/2024 18:45;23.5960055;24.2835625;0.7080965
26/05/2024 18:50;23.586932;24.2639552;0.7218054
26/05/2024 18:55;23.5401556;24.271814;0.7217596
26/05/2024 19:00;23.458482;24.153934;0.717012
26/05/2024 19:15;23.154438;24.0762505;0.7148815
26/05/2024 19:20;23.014004;24.0037116;0.7051678
26/05/2024 19:25;22.8555536;23.947066;0.6911454
26/05/2024 19:30;22.835506;23.923678;0.722475
26/05/2024 19:45;22.579732;23.7021605;0.726665
26/05/2024 19:50;22.4259272;23.6525312;0.7140136
26/05/2024 19:55;22.383898;23.5922628;0.7144356
26/05/2024 20:00;22.594654;23.591056;0.709773
26/05/2024 20:15;22.3406165;23.424268;0.7227295
26/05/2024 20:20;22.1810644;23.3498164;0.7274808
26/05/2024 20:25;22.0692432;23.3022932;0.7195656
26/05/2024 20:30;22.06388;23.2574;0.725952
26/05/2024 20:45;21.885839;23.1115185;0.72736675
26/05/2024 20:50;21.823946;23.066574;0.7313948
26/05/2024 20:55;21.781374;23.0387744;0.725368
26/05/2024 21:00;21.845784;22.970916;0.745068
26/05/2024 21:15;21.381407;22.8405875;0.727373
26/05/2024 21:20;21.4405876;22.8214056;0.730887
26/05/2024 21:25;21.2876648;22.7962312;0.7255766
26/05/2024 21:30;21.091542;22.8014;0.725283
26/05/2024 21:45;20.669888;22.637219;0.712158
26/05/2024 21:50;20.69433;22.6280436;0.7197394
26/05/2024 21:55;20.7626204;22.5954524;0.7293552
26/05/2024 22:00;20.759808;22.500946;0.732151
26/05/2024 22:15;20.7869775;22.377778;0.715246
26/05/2024 22:20;20.7737248;22.3739952;0.716403
26/05/2024 22:25;20.6652736;22.3604444;0.7292922
26/05/2024 22:30;20.497646;22.279188;0.728569
26/05/2024 22:45;20.4103745;22.3057185;0.72041825
26/05/2024 22:50;20.4129568;22.2429648;0.7100176
26/05/2024 22:55;20.3764948;22.2610388;0.7211014
26/05/2024 23:00;20.362156;22.232612;0.717004
26/05/2024 23:15;20.425646;22.239751;0.72395625
26/05/2024 23:20;20.4227096;22.2510252;0.7230342
26/05/2024 23:25;20.3950328;22.2347532;0.7240834
26/05/2024 23:30;20.402648;22.314006;0.71802
26/05/2024 23:45;20.1907965;22.227263;0.711641
26/05/2024 23:50;20.2040408;22.2174616;0.7174712
26/05/2024 23:55;20.1303904;22.2181988;0.7244656
